gene_id	baseMean	log2FoldChange	lfcSE	pvalue	padj
ABCD4	212.242	-1.0969	0.2286	0.0	0.0
ABL2	2446.9746	1.0633	0.0806	0.0	0.0
ABO	73.5235	-1.1453	0.3789	0.0001	0.0002
AC020571.3	48.8193	-1.056	0.4534	0.0006	0.0019
AC091729.9	24.9358	-1.1258	0.6291	0.0009	0.0027
ACAP3	1090.5213	-1.0589	0.1111	0.0	0.0
ACBD4	111.5547	-1.8666	0.3404	0.0	0.0
AD000090.2	78.1799	-1.023	0.3477	0.0002	0.0006
ADAL	114.9335	-1.7477	0.3331	0.0	0.0
ADCK4	294.4248	-1.2073	0.1924	0.0	0.0
ADCY6	815.2323	-1.9711	0.1282	0.0	0.0
ADCY7	406.1331	-1.0215	0.1663	0.0	0.0
ADCY9	202.3029	-1.3581	0.2361	0.0	0.0
ADRBK1	1927.4623	-1.1049	0.0849	0.0	0.0
ADRBK2	381.1874	-1.3095	0.1741	0.0	0.0
AFF1	814.6635	-1.1473	0.1315	0.0	0.0
AGFG2	123.3456	-1.8646	0.3468	0.0	0.0
AGK	287.1774	-1.1841	0.1959	0.0	0.0
AGO2	1567.1329	1.0285	0.0912	0.0	0.0
AKAP8	1488.4522	1.0063	0.0942	0.0	0.0
AKAP8L	2179.5793	1.1899	0.0768	0.0	0.0
AKTIP	461.5404	-2.3252	0.1687	0.0	0.0
ALDH1A3	100.3667	-1.2149	0.3274	0.0	0.0
ALG10B	70.4881	-1.1717	0.4775	0.0002	0.0008
ALKBH6	205.5925	-1.0393	0.2285	0.0	0.0
ALS2CL	481.1059	-1.1889	0.164	0.0	0.0
AMDHD2	269.7363	-1.2959	0.2067	0.0	0.0
ANKHD1	1201.9477	1.0122	0.0993	0.0	0.0
ANKMY1	61.8998	-1.1793	0.4236	0.0001	0.0004
ANKRD13B	204.8522	-1.2237	0.2312	0.0	0.0
ANKRD16	59.9081	-1.1699	0.4135	0.0001	0.0003
ANKRD54	417.4177	-1.4302	0.1725	0.0	0.0
ANKS6	465.4697	-1.3658	0.1596	0.0	0.0
ANKZF1	343.539	-1.1712	0.1838	0.0	0.0
ANO8	318.7678	-1.1039	0.1843	0.0	0.0
ANO9	229.0616	-1.4266	0.2225	0.0	0.0
AP4B1	272.2616	-1.155	0.2025	0.0	0.0
AP5B1	620.8591	-1.6324	0.1388	0.0	0.0
AP5Z1	556.8247	-1.2018	0.1482	0.0	0.0
APBA1	31.9015	-1.4896	0.6413	0.0001	0.0002
APCDD1	57.0166	-1.8005	0.5017	0.0	0.0
APOL2	642.5316	-1.4752	0.1367	0.0	0.0
APOLD1	118.4756	-1.1139	0.2953	0.0	0.0
APPL2	352.5706	-1.1217	0.1743	0.0	0.0
ARAP1	1744.6684	-1.2922	0.0852	0.0	0.0
ARFGEF1	1044.5256	-1.3244	0.1129	0.0	0.0
ARFIP2	2021.2073	-1.068	0.0794	0.0	0.0
ARFRP1	338.7725	-2.8694	0.2101	0.0	0.0
ARHGAP26	161.5604	-1.09	0.2666	0.0	0.0
ARHGAP32	8666.9845	1.182	0.0621	0.0	0.0
ARHGAP33	213.3321	-1.1212	0.2237	0.0	0.0
ARHGAP8	415.072	-1.6462	0.1746	0.0	0.0
ARHGEF1	1280.2745	-1.5985	0.106	0.0	0.0
ARHGEF16	891.1726	-1.3257	0.1189	0.0	0.0
ARHGEF17	1197.5751	-1.3469	0.108	0.0	0.0
ARHGEF19	37.0312	-1.2343	0.5335	0.0002	0.0008
ARHGEF2	698.9008	-1.0137	0.1266	0.0	0.0
ARHGEF28	140.3464	-1.0703	0.273	0.0	0.0
ARHGEF37	69.4291	-2.1928	0.4664	0.0	0.0
ARHGEF40	52.1615	-1.5653	0.4948	0.0	0.0
ARID1A	6833.5573	1.1932	0.0633	0.0	0.0
ARID2	1059.9694	1.0498	0.107	0.0	0.0
ARID4B	1378.218	1.2835	0.0952	0.0	0.0
ARMC6	929.8851	-1.376	0.1133	0.0	0.0
ARMCX4	66.4449	-1.4968	0.4341	0.0	0.0
ARNT2	379.5641	-1.166	0.1771	0.0	0.0
ARVCF	272.4723	-1.6125	0.2096	0.0	0.0
ASB16	29.2261	-1.0155	0.5379	0.0016	0.0046
ASB16-AS1	132.335	-2.6713	0.3335	0.0	0.0
ASCL2	1292.6803	-1.1243	0.1005	0.0	0.0
ASF1B	1498.4696	-1.1623	0.0913	0.0	0.0
ATG9A	796.6095	-1.1443	0.1191	0.0	0.0
ATHL1	1660.3726	-1.1505	0.0988	0.0	0.0
ATP6V0A2	493.5184	-1.174	0.1532	0.0	0.0
ATP6V0E2-AS1	62.2001	-1.0491	0.3889	0.0003	0.0009
AZI1	382.8933	-1.2534	0.1808	0.0	0.0
B3GAT3	252.6723	-1.0733	0.2029	0.0	0.0
B3GNT3	533.1463	-1.1369	0.1445	0.0	0.0
BAIAP2-AS1	137.3616	-1.352	0.2874	0.0	0.0
BCAN	55.8405	-1.0011	0.3999	0.0006	0.0018
BCL2L2	350.8183	-2.3645	0.2174	0.0	0.0
BCLAF1	6242.7459	1.1764	0.0544	0.0	0.0
BCYRN1	25.7333	1.2377	0.6234	0.0004	0.0012
BEND7	24.7649	-1.0894	0.6016	0.0011	0.0032
BET1L	1233.5071	-1.3426	0.0999	0.0	0.0
BIN3	212.8423	-1.2985	0.2296	0.0	0.0
BIVM	151.141	-1.9573	0.2914	0.0	0.0
BNIP2	1331.7729	1.3242	0.1018	0.0	0.0
BOK	509.3877	-1.7743	0.1545	0.0	0.0
BRCA1	734.2388	-2.1873	0.137	0.0	0.0
BRD4	3822.7059	1.1649	0.0723	0.0	0.0
BRICD5	139.8905	-1.1262	0.284	0.0	0.0
BRIP1	452.5734	-1.0524	0.1543	0.0	0.0
BRIX1	1782.5653	1.1058	0.0862	0.0	0.0
BRWD1	1070.4206	1.1001	0.1034	0.0	0.0
BSDC1	652.6341	-1.0333	0.1351	0.0	0.0
BTC	43.5393	-1.0593	0.4598	0.0007	0.002
C10orf118	1611.3645	1.0332	0.0868	0.0	0.0
C10orf12	609.5007	1.2356	0.1446	0.0	0.0
C12orf4	301.6147	-1.0611	0.1905	0.0	0.0
C14orf80	530.6202	-1.0036	0.1496	0.0	0.0
C15orf52	34.2619	-1.4068	0.6579	0.0001	0.0004
C16orf52	170.5153	-1.4347	0.2652	0.0	0.0
C16orf59	235.7335	-1.6857	0.2349	0.0	0.0
C16orf70	936.5536	1.0158	0.1102	0.0	0.0
C17orf62	514.7247	-2.5595	0.1636	0.0	0.0
C19orf12	259.8586	-1.5518	0.2144	0.0	0.0
C19orf25	539.6599	-1.7657	0.1524	0.0	0.0
C19orf55	89.6436	-1.4987	0.3703	0.0	0.0
C19orf57	82.4582	-1.1019	0.3557	0.0001	0.0002
C1orf159	243.4202	-1.4533	0.2249	0.0	0.0
C1RL	125.8698	-1.4172	0.3048	0.0	0.0
C22orf46	253.6113	-1.1704	0.2102	0.0	0.0
C2CD2	406.8679	-1.1677	0.1674	0.0	0.0
C2CD5	610.0946	-1.0888	0.1379	0.0	0.0
C2orf54	395.8868	-1.0177	0.1655	0.0	0.0
C2orf72	139.4767	-1.0242	0.2661	0.0	0.0
C3orf18	83.3228	-1.233	0.3684	0.0	0.0001
C5orf34	141.4992	-1.2035	0.278	0.0	0.0
C5orf45	49.1563	-1.4039	0.5128	0.0	0.0001
C9orf37	174.4313	-1.0333	0.2439	0.0	0.0
CABYR	33.4977	-1.2601	0.5519	0.0002	0.0007
CACFD1	263.1831	-1.0696	0.2031	0.0	0.0
CAMKK2	712.516	-1.0482	0.1247	0.0	0.0
CARD14	363.4135	-1.6548	0.1856	0.0	0.0
CASD1	182.1384	-1.5246	0.2577	0.0	0.0
CBWD5	1334.7131	1.1823	0.0945	0.0	0.0
CBX7	117.2386	-3.2155	0.3608	0.0	0.0
CC2D1A	1129.2933	-1.1822	0.1095	0.0	0.0
CCDC102A	133.0739	-1.2924	0.3051	0.0	0.0
CCDC113	136.0528	-1.1344	0.281	0.0	0.0
CCDC12	751.3624	1.0346	0.1209	0.0	0.0
CCDC120	494.7494	-1.6627	0.1599	0.0	0.0
CCDC125	107.2204	-1.2075	0.3125	0.0	0.0
CCDC138	178.8469	-1.0827	0.2408	0.0	0.0
CCDC14	462.9189	-1.3542	0.1593	0.0	0.0
CCDC15	57.3031	-1.7514	0.4944	0.0	0.0
CCDC174	526.3673	1.2432	0.1484	0.0	0.0
CCDC18	186.791	-1.4111	0.2546	0.0	0.0
CCDC183-AS1	64.1418	-1.448	0.4353	0.0	0.0
CCDC64	277.5918	-1.1308	0.1986	0.0	0.0
CCDC64B	158.6756	-1.2502	0.2605	0.0	0.0
CCDC82	261.5239	-1.9337	0.2222	0.0	0.0
CCDC9	897.4143	1.111	0.1121	0.0	0.0
CCNI2	28.7335	-1.0763	0.5578	0.0011	0.0031
CCNL1	1686.8059	1.8359	0.0997	0.0	0.0
CCR6	20.7202	1.0585	0.6403	0.0015	0.0041
CDC23	792.8368	-1.2542	0.1228	0.0	0.0
CDC25A	2308.5275	1.0333	0.0755	0.0	0.0
CDC5L	2917.6582	1.036	0.0688	0.0	0.0
CDC7	268.9591	-1.0304	0.2143	0.0	0.0
CDCA7L	863.1712	-1.1784	0.1183	0.0	0.0
CDCA8	3060.8142	1.0527	0.0674	0.0	0.0
CDK20	70.4948	-1.0641	0.372	0.0002	0.0006
CDPF1	52.848	-1.0842	0.425	0.0003	0.001
CEMP1	125.3189	-2.0871	0.3399	0.0	0.0
CENPF	7422.7742	1.0923	0.0681	0.0	0.0
CENPI	349.5196	-1.5934	0.1837	0.0	0.0
CENPK	249.5004	-1.363	0.2336	0.0	0.0
CEP95	314.9063	-1.2292	0.1918	0.0	0.0
CHAC1	567.5975	1.3951	0.1432	0.0	0.0
CHD1	2542.8067	1.2094	0.0768	0.0	0.0
CIAO1	1558.0669	-1.0726	0.0906	0.0	0.0
CIDECP	17.3248	-1.001	0.669	0.002	0.0056
CIRBP	1681.856	-1.0764	0.0882	0.0	0.0
CITED2	5337.6865	1.0241	0.0579	0.0	0.0
CLCN2	151.7958	-1.5574	0.2857	0.0	0.0
CLCN7	940.6383	-1.1282	0.1111	0.0	0.0
CLDN12	327.7716	-1.9969	0.2003	0.0	0.0
CLDN5	37.2511	-1.6121	0.6101	0.0	0.0001
CLDND1	3031.4933	-1.9292	0.0725	0.0	0.0
CLK1	1183.8129	1.163	0.0994	0.0	0.0
CLK4	302.3069	1.1682	0.1975	0.0	0.0
CMTM7	305.2694	-1.1127	0.1898	0.0	0.0
CNOT11	873.1638	-1.5019	0.1196	0.0	0.0
CNOT4	634.921	1.0154	0.1301	0.0	0.0
COMMD10	476.4517	1.318	0.1576	0.0	0.0
COMMD2	279.4503	-1.0435	0.2123	0.0	0.0
COPS2	2706.4379	1.0192	0.0783	0.0	0.0
COQ10A	44.3232	-2.2055	0.6124	0.0	0.0
CPSF4	601.9271	-2.1928	0.1459	0.0	0.0
CPT1B	226.5891	-1.1349	0.2369	0.0	0.0
CRCP	1332.6024	1.092	0.098	0.0	0.0
CREB3L4	80.1407	-1.04	0.3616	0.0002	0.0006
CREBZF	1846.2976	1.2848	0.0869	0.0	0.0
CRISPLD2	121.0692	-1.0101	0.2998	0.0	0.0002
CRTAM	125.9738	-1.8764	0.3351	0.0	0.0
CRTC1	245.1246	-1.5498	0.2167	0.0	0.0
CRY1	588.4904	-2.1707	0.1474	0.0	0.0
CTAGE4	95.5042	-1.237	0.3796	0.0	0.0001
CTAGE8	265.7912	-1.2698	0.2096	0.0	0.0
CTBP1-AS	68.5807	1.3487	0.4273	0.0	0.0001
CTCF	3111.1481	1.0242	0.0669	0.0	0.0
CTDSP1	1127.0719	-1.031	0.102	0.0	0.0
CTNS	385.3349	-1.8359	0.1851	0.0	0.0
CWC22	1124.4028	1.0023	0.1008	0.0	0.0
CXorf38	319.2508	-1.1283	0.1873	0.0	0.0
CYB561D1	267.7111	-1.0082	0.21	0.0	0.0
CYB5RL	171.2484	-1.0978	0.2449	0.0	0.0
DAPK1	294.8233	-1.2527	0.2034	0.0	0.0
DBF4	1384.4311	1.0965	0.1013	0.0	0.0
DCAF16	599.8313	-1.7655	0.1418	0.0	0.0
DCHS1	78.8433	1.5842	0.4429	0.0	0.0
DCP1B	96.942	-1.3179	0.3373	0.0	0.0
DDX20	1519.0396	1.3925	0.093	0.0	0.0
DDX26B	70.4676	-1.3269	0.4287	0.0	0.0001
DDX47	3214.8949	1.0597	0.0688	0.0	0.0
DENND4B	978.3565	-1.2917	0.1227	0.0	0.0
DGCR11	123.5841	3.2024	0.3381	0.0	0.0
DGCR8	762.864	-1.117	0.1243	0.0	0.0
DGKA	79.758	-1.2541	0.4005	0.0	0.0001
DGKQ	605.682	-1.4915	0.141	0.0	0.0
DHFRL1	63.7835	-1.034	0.3992	0.0004	0.0013
DIRAS2	129.8518	1.0232	0.2725	0.0	0.0
DISC1	236.3183	-1.1517	0.244	0.0	0.0
DMAP1	414.2942	-1.025	0.1598	0.0	0.0
DMPK	458.2108	-1.1765	0.1633	0.0	0.0
DMTF1	310.7137	-1.6593	0.2006	0.0	0.0
DNAJC25	287.5735	1.2615	0.1984	0.0	0.0
DND1	62.5688	-1.0086	0.3829	0.0004	0.0013
DNMT3B	47.3903	-1.1046	0.4554	0.0004	0.0012
DOCK8	748.3928	-1.2674	0.1256	0.0	0.0
DOK3	114.4846	-1.4659	0.318	0.0	0.0
DPH5	210.0303	-1.0182	0.225	0.0	0.0
DPM2	531.4455	-1.0178	0.1453	0.0	0.0
DSN1	347.0067	-1.7297	0.2025	0.0	0.0
DTL	1805.9036	1.2934	0.0832	0.0	0.0
DTWD1	115.041	-1.3231	0.312	0.0	0.0
DUS4L	88.2683	-1.0487	0.3373	0.0001	0.0003
DUSP12	388.5275	-1.2825	0.1696	0.0	0.0
DVL1	2065.678	-1.0256	0.0791	0.0	0.0
DVL2	677.9736	-1.1565	0.1284	0.0	0.0
E2F1	776.3487	-1.3524	0.1222	0.0	0.0
EDC4	1709.9579	-1.1343	0.0871	0.0	0.0
EED	407.843	-2.7371	0.1832	0.0	0.0
EEFSEC	212.8456	-1.2465	0.2249	0.0	0.0
ELAC1	77.4938	-1.1067	0.3719	0.0001	0.0003
ELF3	710.8633	1.059	0.1325	0.0	0.0
ELL3	76.4223	-1.5613	0.3993	0.0	0.0
ELMOD3	155.1962	-2.6674	0.2989	0.0	0.0
ELMSAN1	2227.9414	1.1074	0.0806	0.0	0.0
ELP6	358.6324	-1.0301	0.1811	0.0	0.0
EMC3-AS1	229.812	-1.3261	0.2483	0.0	0.0
ENGASE	336.1024	-1.289	0.1959	0.0	0.0
ENOX2	168.0168	-1.3058	0.2563	0.0	0.0
ENTPD1	114.4245	-1.5067	0.3214	0.0	0.0
EPHA10	131.0562	-1.8037	0.3336	0.0	0.0
EPM2AIP1	1047.851	1.5054	0.1066	0.0	0.0
EPN2	644.4434	-1.1213	0.1438	0.0	0.0
EPS8L3	369.4034	-1.126	0.1726	0.0	0.0
EPT1	1232.3924	-1.091	0.1013	0.0	0.0
ERMAP	132.5917	-1.8112	0.3074	0.0	0.0
ESRP1	404.6486	1.4713	0.1691	0.0	0.0
EVI5L	224.3005	-1.3998	0.2371	0.0	0.0
EXOC6	314.6207	-1.136	0.184	0.0	0.0
EXOSC6	1151.6799	1.0435	0.1005	0.0	0.0
EZH1	194.311	-1.0026	0.2272	0.0	0.0
FA2H	98.3415	-1.2195	0.3262	0.0	0.0
FAM114A1	303.3406	-1.1564	0.1952	0.0	0.0
FAM117A	123.1026	-1.1979	0.2933	0.0	0.0
FAM131A	121.7423	-1.1025	0.2937	0.0	0.0
FAM132B	45.0942	-1.1685	0.4719	0.0002	0.0008
FAM133B	862.0258	1.2782	0.1252	0.0	0.0
FAM135A	178.8794	-1.3464	0.2641	0.0	0.0
FAM160B1	880.1725	1.1401	0.113	0.0	0.0
FAM161A	131.0139	-1.3509	0.2928	0.0	0.0
FAM203A	615.0567	-1.1489	0.1433	0.0	0.0
FAM227A	16.0918	-1.0669	0.7057	0.0013	0.0038
FAM60A	2790.5346	1.0377	0.0765	0.0	0.0
FAM63A	119.9985	-1.3354	0.3035	0.0	0.0
FAM86C1	114.9887	-1.1047	0.2968	0.0	0.0
FAM8A1	495.7626	-1.4084	0.1638	0.0	0.0
FAM95C	42.1227	-1.3798	0.5234	0.0001	0.0002
FANCC	427.9468	-1.3093	0.1648	0.0	0.0
FANCL	494.9213	-1.6853	0.1553	0.0	0.0
FASTK	772.6342	-1.0651	0.1208	0.0	0.0
FBXL15	226.9592	-1.3131	0.2332	0.0	0.0
FBXL20	283.2834	1.0028	0.1891	0.0	0.0
FBXL4	119.8866	-1.2933	0.3076	0.0	0.0
FBXL8	41.346	-1.194	0.4938	0.0002	0.0008
FBXO38	743.4172	1.0284	0.1229	0.0	0.0
FBXO9	555.3984	-1.0384	0.1403	0.0	0.0
FBXW4P1	97.7956	3.1531	0.3835	0.0	0.0
FBXW9	75.3424	-1.6366	0.417	0.0	0.0
FCHSD1	273.2045	-1.3309	0.2112	0.0	0.0
FGD4	551.5604	1.2401	0.1437	0.0	0.0
FGFR3	71.2316	-2.175	0.4511	0.0	0.0
FHOD1	562.8822	-1.089	0.1654	0.0	0.0
FLJ37201	16.452	-1.0573	0.7173	0.0014	0.0039
FLJ44342	85.1897	-1.0762	0.3374	0.0001	0.0002
FNIP1	1057.4802	1.1193	0.1046	0.0	0.0
FOXA1	3467.7066	1.0019	0.0651	0.0	0.0
FOXJ3	2096.1727	1.067	0.0803	0.0	0.0
FSTL3	134.6382	-1.624	0.2989	0.0	0.0
FUT2	78.6938	-1.3607	0.3845	0.0	0.0
GABBR1	120.1011	-1.1648	0.2978	0.0	0.0
GABPB1	671.4389	1.177	0.1277	0.0	0.0
GATA6	1549.0544	1.0502	0.0912	0.0	0.0
GATSL3	37.3261	-1.1335	0.5062	0.0005	0.0015
GBA2	673.5743	-1.8504	0.147	0.0	0.0
GCA	65.4622	-1.0912	0.3915	0.0002	0.0006
GFPT2	38.3779	-1.1804	0.5159	0.0003	0.0011
GIT1	1464.7659	-1.2349	0.0925	0.0	0.0
GLI4	91.3026	-1.8068	0.407	0.0	0.0
GLT8D1	352.6354	-1.9676	0.1895	0.0	0.0
GLTSCR1	837.634	1.1849	0.1286	0.0	0.0
GOLGA2P5	44.2134	-1.3914	0.5198	0.0	0.0002
GPATCH1	480.1902	1.0348	0.1533	0.0	0.0
GPR110	535.3647	-1.4128	0.1454	0.0	0.0
GPR153	123.4124	-1.0278	0.2985	0.0	0.0001
GPR35	301.0229	-2.0467	0.2034	0.0	0.0
GPRC5A	7093.7569	1.0603	0.0531	0.0	0.0
GPSM1	259.0835	-1.0231	0.2188	0.0	0.0
GRIPAP1	435.7866	-1.3592	0.1605	0.0	0.0
GRK5	28.7512	-1.1371	0.5742	0.0007	0.0021
GRTP1	131.9464	-1.7655	0.3203	0.0	0.0
GSDMB	26.726	-1.514	0.6902	0.0001	0.0003
GTF2H2B	212.4856	-1.2377	0.2287	0.0	0.0
GTF2H2C	315.6406	-1.4996	0.1947	0.0	0.0
GTPBP2	694.7699	-1.1089	0.14	0.0	0.0
GTPBP4	3623.2155	1.018	0.0652	0.0	0.0
H6PD	383.3896	-1.5572	0.1777	0.0	0.0
HACE1	141.9402	-1.102	0.2677	0.0	0.0
HDAC11	125.1721	-1.5781	0.3166	0.0	0.0
HDAC4	447.5804	-1.3571	0.1599	0.0	0.0
HDAC7	1332.7549	-1.0148	0.1154	0.0	0.0
HELZ2	675.7047	-1.1521	0.1335	0.0	0.0
HES4	360.9039	-1.4815	0.1821	0.0	0.0
HES6	111.8217	-1.7053	0.3423	0.0	0.0
HEXDC	106.9002	-1.229	0.3194	0.0	0.0
HGS	1925.332	-1.0452	0.0845	0.0	0.0
HGSNAT	305.4073	-1.0334	0.1859	0.0	0.0
HIAT1	1364.7469	1.2644	0.0944	0.0	0.0
HIST2H2BE	181.2074	1.3828	0.2464	0.0	0.0
HMGCL	406.9141	-1.1339	0.1632	0.0	0.0
HMGCR	3215.1491	1.0312	0.0676	0.0	0.0
HMHA1	433.3854	-1.1179	0.1614	0.0	0.0
HNRNPDL	8155.1139	1.1832	0.0536	0.0	0.0
HOTTIP	471.5692	-1.3663	0.164	0.0	0.0
HOXA10-HOXA9	59.8254	-1.0822	0.4266	0.0003	0.0011
HOXA13	1201.2201	1.2191	0.1	0.0	0.0
HOXA5	664.703	1.0492	0.1298	0.0	0.0
HOXA6	182.0197	1.1801	0.2384	0.0	0.0
HOXA9	958.4959	1.078	0.1089	0.0	0.0
HSF2	547.0548	1.3201	0.1441	0.0	0.0
HSF4	52.0651	-1.1151	0.4554	0.0004	0.0011
ID1	616.9745	-1.6015	0.1542	0.0	0.0
ID3	242.4743	-1.2624	0.2118	0.0	0.0
IGSF9	122.7105	-1.6106	0.3177	0.0	0.0
IKBKB	468.0861	-1.0246	0.1636	0.0	0.0
IL10RB	132.3922	-1.9601	0.3242	0.0	0.0
IL17RE	154.9048	-1.3235	0.2786	0.0	0.0
ILF3-AS1	262.257	1.1226	0.1987	0.0	0.0
INPP4A	461.2528	-1.1797	0.1554	0.0	0.0
INPP5F	309.221	-1.1697	0.195	0.0	0.0
INPPL1	2732.4373	-1.009	0.0721	0.0	0.0
IPO13	674.1849	-1.0493	0.1464	0.0	0.0
IRF3	1109.1998	-1.2454	0.1036	0.0	0.0
ISPD	40.6195	-1.0354	0.4638	0.0009	0.0026
ITPKA	103.8574	-1.1415	0.3189	0.0	0.0
IVD	691.8726	-1.0003	0.1321	0.0	0.0
JMY	679.4563	1.1358	0.1393	0.0	0.0
JPH1	363.2867	-1.0485	0.1746	0.0	0.0
KANSL1	1503.2016	1.066	0.0905	0.0	0.0
KAT8	486.3438	-1.3595	0.1548	0.0	0.0
KATNBL1	256.2611	-1.5897	0.2164	0.0	0.0
KBTBD11	78.4443	-1.1589	0.3643	0.0	0.0001
KCNJ5	93.9413	-2.0871	0.3813	0.0	0.0
KCTD13	191.4104	-2.4607	0.2656	0.0	0.0
KCTD15	261.9229	-1.1096	0.2049	0.0	0.0
KDM4A	1921.5369	1.1454	0.0864	0.0	0.0
KDM4B	578.942	-1.0489	0.1485	0.0	0.0
KIAA0141	808.8122	-1.22	0.1197	0.0	0.0
KIAA0513	77.1125	-1.2244	0.3685	0.0	0.0001
KIAA0586	353.9321	-1.2049	0.1792	0.0	0.0
KIAA0907	509.7901	-1.6548	0.1559	0.0	0.0
KIAA1107	63.1075	-1.2105	0.4128	0.0001	0.0002
KIAA1217	480.5626	-1.2539	0.1558	0.0	0.0
KIAA1731	289.8403	-1.3982	0.215	0.0	0.0
KIF13B	495.7226	-1.259	0.1559	0.0	0.0
KIFC2	349.0728	-1.4068	0.1881	0.0	0.0
KLC2	1387.3389	-1.1854	0.0961	0.0	0.0
KLHDC2	211.7219	-1.2921	0.2326	0.0	0.0
KLHDC3	746.9687	-1.5665	0.1288	0.0	0.0
KLHL22	191.1117	-2.2607	0.2895	0.0	0.0
KLHL23	562.0645	-1.006	0.1389	0.0	0.0
KLHL9	1336.7243	1.129	0.0981	0.0	0.0
KMT2E	1510.7263	1.0871	0.0897	0.0	0.0
KRCC1	160.643	-1.2535	0.2637	0.0	0.0
KREMEN2	56.9762	-1.2277	0.4295	0.0001	0.0002
KRIT1	366.8131	-1.6272	0.1798	0.0	0.0
L3MBTL4	42.57	-2.0025	0.5852	0.0	0.0
LACC1	140.9811	-1.3253	0.2843	0.0	0.0
LDLRAP1	544.6517	-1.9133	0.1522	0.0	0.0
LEPREL4	369.1903	-1.3514	0.1751	0.0	0.0
LETMD1	215.3879	-1.9628	0.2425	0.0	0.0
LGR6	71.1452	-1.13	0.3887	0.0001	0.0003
LINC00638	28.9432	-1.0684	0.5791	0.0012	0.0035
LINC00843	342.4538	1.4865	0.1993	0.0	0.0
LINC00847	59.8955	-1.2586	0.4207	0.0	0.0001
LINC00858	32.0723	-1.0338	0.5253	0.0013	0.0038
LINC00883	67.6359	-1.2547	0.4017	0.0	0.0001
LINC00938	142.8367	1.2604	0.2785	0.0	0.0
LINC01138	40.1841	-1.7269	0.6078	0.0	0.0
LINC01184	46.1373	-1.024	0.4422	0.0008	0.0023
LIPG	448.9982	-1.3326	0.1583	0.0	0.0
LOC100130899	125.5791	-1.1673	0.2898	0.0	0.0
LOC100131289	13.5045	-1.1014	0.8466	0.0006	0.0019
LOC100506411	44.4131	-1.462	0.5384	0.0	0.0001
LOC100506714	51.8833	-1.2704	0.4732	0.0001	0.0003
LOC100507346	20.2032	1.9469	0.9583	0.0	0.0001
LOC100996425	34.9698	1.2486	0.5366	0.0002	0.0007
LOC100996497	43.4583	-1.8978	0.586	0.0	0.0
LOC101060212	46.18	1.4731	0.5574	0.0	0.0001
LOC101060321	29.874	-1.0991	0.6271	0.0011	0.0032
LOC101927838	48.9768	1.5319	0.4942	0.0	0.0
LOC101927841	54.0086	-1.124	0.4182	0.0002	0.0006
LOC101928323	20.1909	1.5821	0.9025	0.0001	0.0003
LOC101928485	37.8287	2.1517	0.6475	0.0	0.0
LOC101928621	17.7631	1.0188	0.6906	0.0018	0.0049
LOC101928884	49.331	2.3961	0.5681	0.0	0.0
LOC101929290	16.8832	1.3451	0.838	0.0003	0.0008
LOC102724002	459.321	1.3435	0.1587	0.0	0.0
LOC102724219	138.9752	-1.275	1.1711	0.0	0.0
LOC102724535	322.5792	1.1279	0.201	0.0	0.0
LOC102724705	23.5866	-2.1396	1.3269	0.0	0.0
LOC102724872	118.5286	-2.1088	0.3367	0.0	0.0
LOC283788	59.731	-1.0464	0.3958	0.0003	0.001
LOC493754	317.323	1.4633	0.2	0.0	0.0
LOC642852	288.6889	-1.7929	0.2129	0.0	0.0
LOC644794	51.4701	-1.0529	0.4271	0.0005	0.0015
LOC646471	56.2199	1.1655	0.4162	0.0001	0.0004
LOC729162	75.7308	-1.0425	0.3558	0.0002	0.0005
LOC729603	49.9756	1.5963	0.5975	0.0	0.0001
LPIN3	253.0726	-1.3575	0.2115	0.0	0.0
LRCH3	195.9885	-1.7161	0.2641	0.0	0.0
LRIG2	408.8251	1.278	0.166	0.0	0.0
LRP6	2306.3168	1.5145	0.0869	0.0	0.0
LRP8	583.6083	-1.736	0.1476	0.0	0.0
LRRC16A	571.7924	-1.2844	0.1406	0.0	0.0
LRRC20	271.3372	-1.1493	0.201	0.0	0.0
LRRC3	39.258	-1.1162	0.4915	0.0005	0.0015
LRRC45	352.1288	-1.1397	0.1799	0.0	0.0
LRRC61	188.8897	-1.2635	0.2388	0.0	0.0
LTB4R	169.6843	-1.1452	0.2566	0.0	0.0
LTN1	978.5464	1.0036	0.1069	0.0	0.0
LUC7L3	1435.8814	-1.8638	0.0992	0.0	0.0
LYSMD4	97.5184	-1.2927	0.3327	0.0	0.0
MALAT1	1183.6442	1.1228	0.2358	0.0	0.0
MALSU1	395.3071	-1.0446	0.1645	0.0	0.0
MAMDC4	66.9877	-1.6201	0.4334	0.0	0.0
MAP3K10	340.3914	-1.0768	0.1767	0.0	0.0
MAPRE3	225.4933	-1.0059	0.2156	0.0	0.0
MARK4	321.2261	-1.754	0.1965	0.0	0.0
MAT2A	3274.446	-1.674	0.0694	0.0	0.0
MBD4	313.7201	-1.6305	0.2041	0.0	0.0
MBIP	627.8919	1.0444	0.1318	0.0	0.0
MCOLN2	190.9401	-1.3935	0.2419	0.0	0.0
MDM4	519.3529	1.3114	0.1691	0.0	0.0
MED17	1394.5495	1.054	0.0959	0.0	0.0
MED22	1275.4312	-1.0488	0.0965	0.0	0.0
MED31	85.1843	-2.2492	0.4396	0.0	0.0
MEGF6	173.7187	-1.567	0.2805	0.0	0.0
METTL21B	71.4603	-1.9718	0.448	0.0	0.0
METTL23	223.8022	-1.7625	0.2337	0.0	0.0
METTL3	244.2729	-2.4269	0.2358	0.0	0.0
METTL4	161.4619	-1.5499	0.276	0.0	0.0
MGC27345	122.4753	-1.1926	0.2946	0.0	0.0
MICALL2	241.9258	-2.0505	0.2379	0.0	0.0
MIEF2	282.3959	-1.6053	0.2041	0.0	0.0
MIIP	393.0094	-1.0407	0.1663	0.0	0.0
MINK1	1646.7912	-1.217	0.0872	0.0	0.0
MKS1	168.1931	-1.3545	0.2584	0.0	0.0
MLLT6	2576.1374	-1.3504	0.0738	0.0	0.0
MLYCD	206.6754	-1.4364	0.2345	0.0	0.0
MND1	127.4908	-1.2071	0.2915	0.0	0.0
MOGS	1435.0359	-1.1126	0.0966	0.0	0.0
MORN4	87.3884	-1.8885	0.3971	0.0	0.0
MOSPD2	220.5256	-1.5294	0.2328	0.0	0.0
MPHOSPH10	1418.5146	1.0535	0.0961	0.0	0.0
MRM1	140.6322	-3.2683	0.3611	0.0	0.0
MRPL2	418.302	-1.4509	0.1705	0.0	0.0
MTBP	119.9698	-1.7982	0.3249	0.0	0.0
MTERFD3	97.72	-1.1345	0.3366	0.0	0.0001
MTFR2	477.4007	1.0227	0.1483	0.0	0.0
MTHFR	262.4753	-1.5794	0.222	0.0	0.0
MTHFSD	257.5615	-1.2151	0.2068	0.0	0.0
MTR	869.3645	-1.1467	0.125	0.0	0.0
MUM1	1172.1022	-1.1485	0.1003	0.0	0.0
MUS81	497.8631	-2.7134	0.1767	0.0	0.0
MVK	298.4688	-1.3086	0.2009	0.0	0.0
MXD3	246.1846	-1.0744	0.2038	0.0	0.0
MYBL1	194.3593	-1.6748	0.261	0.0	0.0
MYEOV	323.0998	-2.0746	0.203	0.0	0.0
MYO19	1058.0264	-1.391	0.1087	0.0	0.0
MYRIP	88.9897	-1.0697	0.3307	0.0001	0.0002
MZF1	150.1695	-2.0052	0.2948	0.0	0.0
N4BP2	231.3042	-1.1594	0.2154	0.0	0.0
NAA40	622.9131	-1.0498	0.1378	0.0	0.0
NARFL	386.9206	-1.4003	0.1711	0.0	0.0
NAT14	201.7364	-1.3534	0.2396	0.0	0.0
NAT6	62.7382	-1.2095	0.4062	0.0001	0.0002
NBPF1	245.8807	-1.2053	0.2093	0.0	0.0
NCDN	879.8878	-1.5967	0.1172	0.0	0.0
NCKIPSD	736.6686	-1.1318	0.1235	0.0	0.0
NDOR1	941.7287	-1.2258	0.1159	0.0	0.0
NDST2	299.4787	-1.3826	0.2009	0.0	0.0
NECAB3	185.3182	-1.3586	0.2464	0.0	0.0
NEK1	221.8679	-1.1981	0.2207	0.0	0.0
NEK8	57.6624	-1.2077	0.4242	0.0001	0.0003
NFATC2IP	927.8759	-1.0255	0.1117	0.0	0.0
NFKB2	1253.9804	-1.1106	0.1036	0.0	0.0
NLRC5	127.6243	-1.2123	0.2948	0.0	0.0
NLRX1	190.8157	-1.3361	0.2497	0.0	0.0
NNT-AS1	137.4531	-1.317	0.2881	0.0	0.0
NOL8	1391.926	1.2595	0.0938	0.0	0.0
NOM1	850.382	1.0842	0.1177	0.0	0.0
NR1D1	1000.2149	1.0754	0.1127	0.0	0.0
NR2C2AP	227.0057	-1.1208	0.2155	0.0	0.0
NRBP2	72.6174	-1.3522	0.3941	0.0	0.0
NREP	46.5138	-1.5767	0.5292	0.0	0.0
NRXN3	60.4679	-2.0372	0.5057	0.0	0.0
NSMCE4A	394.165	-1.3231	0.1716	0.0	0.0
NT5DC3	1293.0518	1.1599	0.1008	0.0	0.0
NUDT16P1	76.7806	-1.0149	0.3493	0.0002	0.0006
NUDT18	119.4155	-1.6168	0.335	0.0	0.0
NUP153	4444.6766	1.2916	0.0641	0.0	0.0
OGFOD2	135.9505	-1.0713	0.2738	0.0	0.0
OIP5	238.2487	-1.2248	0.2199	0.0	0.0
ORAI3	176.4895	-1.2733	0.2581	0.0	0.0
ORC6	822.6007	-1.2363	0.121	0.0	0.0
OSBPL5	334.3318	-1.4142	0.2315	0.0	0.0
OSBPL7	78.1628	-1.4108	0.3815	0.0	0.0
OSGEPL1	75.465	-1.64	0.409	0.0	0.0
OVGP1	113.014	2.107	0.3425	0.0	0.0
P2RX4	495.8248	-1.1339	0.1579	0.0	0.0
PAPL	85.3324	-1.1292	0.3434	0.0	0.0001
PAQR3	405.3613	-1.8984	0.1746	0.0	0.0
PAQR4	1064.1315	-2.3785	0.1134	0.0	0.0
PAQR6	58.3821	-2.2721	0.5134	0.0	0.0
PAQR7	59.2153	-1.3926	0.456	0.0	0.0001
PARD6B	629.2102	1.0162	0.1349	0.0	0.0
PARP16	124.9125	-1.5786	0.3177	0.0	0.0
PAX8-AS1	227.5936	-1.6438	0.2291	0.0	0.0
PBLD	59.5278	-1.068	0.4042	0.0003	0.0009
PCED1A	153.5093	-1.3168	0.267	0.0	0.0
PCGF1	224.8542	-1.2346	0.2189	0.0	0.0
PCMTD2	354.6149	-1.0715	0.1726	0.0	0.0
PCYT2	986.6954	-1.0031	0.1088	0.0	0.0
PDDC1	907.9705	-1.2813	0.3899	0.0	0.0001
PDE9A	67.7697	-1.3984	0.4147	0.0	0.0
PELI1	782.6869	1.1576	0.1228	0.0	0.0
PELI3	215.6874	-1.7703	0.2747	0.0	0.0
PEX11A	75.6039	-1.2767	0.3927	0.0	0.0001
PEX3	341.9809	-1.1455	0.1852	0.0	0.0
PGAP2	493.0525	-1.3124	0.1592	0.0	0.0
PGAP3	335.849	-1.2621	0.184	0.0	0.0
PHC3	1334.2179	1.3215	0.1059	0.0	0.0
PHF7	25.6349	-2.0113	0.8774	0.0	0.0
PIAS1	810.542	1.0918	0.1326	0.0	0.0
PIAS3	599.001	-1.6809	0.1448	0.0	0.0
PIF1	128.3464	-1.0538	0.2875	0.0	0.0
PIGV	129.0686	-1.8398	0.323	0.0	0.0
PKD1	1107.1966	-1.5259	0.1188	0.0	0.0
PKD1P1	1032.2926	-1.0208	0.1114	0.0	0.0
PKDCC	38.0607	-1.3286	0.5444	0.0001	0.0004
PKMYT1	1548.7136	-1.8219	0.1004	0.0	0.0
PKP3	3434.7501	-1.1138	0.0732	0.0	0.0
PLAGL1	806.9141	-1.0379	0.1178	0.0	0.0
PLEKHA4	182.1469	-1.2736	0.2469	0.0	0.0
PLEKHA6	630.0237	-1.1847	0.1347	0.0	0.0
PLEKHG3	1951.7389	1.0298	0.0804	0.0	0.0
PLEKHG5	258.2435	-1.238	0.2092	0.0	0.0
PLEKHH1	282.9914	-1.2411	0.1999	0.0	0.0
PLEKHJ1	774.4818	-2.3732	0.1308	0.0	0.0
PLEKHN1	102.6536	-1.8366	0.368	0.0	0.0
PLK1S1	161.2454	-1.2228	0.2669	0.0	0.0
PNISR	865.4874	-1.7512	0.1189	0.0	0.0
PNPLA3	54.3251	-1.3201	0.4521	0.0	0.0001
POLA2	927.6904	-1.2637	0.1174	0.0	0.0
POLH	318.463	-1.1712	0.1839	0.0	0.0
POLL	328.5794	-1.3076	0.1861	0.0	0.0
POLN	27.2391	-1.0962	0.5836	0.001	0.0029
POLR2A	2823.9607	-1.4489	0.0806	0.0	0.0
POLR3E	943.0664	-1.3507	0.1155	0.0	0.0
POP1	368.7792	-1.6109	0.1826	0.0	0.0
PPCDC	124.8737	-1.3856	0.315	0.0	0.0
PPIG	2547.9268	1.3477	0.0736	0.0	0.0
PPIL2	901.6942	-1.2775	0.1135	0.0	0.0
PPIP5K2	498.6563	-1.1779	0.1491	0.0	0.0
PPM1F	472.4393	-1.5639	0.1614	0.0	0.0
PPP1R13L	780.1496	-1.5863	0.1266	0.0	0.0
PPP1R35	512.4917	-1.0454	0.1474	0.0	0.0
PPP1R3F	118.3567	-1.0667	0.3005	0.0	0.0001
PPWD1	429.3564	-1.8502	0.1734	0.0	0.0
PRPF18	517.3301	1.153	0.1451	0.0	0.0
PRPF3	1750.9722	1.3905	0.0869	0.0	0.0
PRPF38B	2681.003	1.9115	0.0801	0.0	0.0
PRPF4B	2044.8861	1.8289	0.0854	0.0	0.0
PRSS16	194.3907	-1.4488	0.2527	0.0	0.0
PRX	75.5942	-1.3333	0.4217	0.0	0.0001
PSMG2	696.175	-1.5037	0.1333	0.0	0.0
PSMG3-AS1	73.0491	-1.9391	0.4496	0.0	0.0
PSMG4	76.228	-1.2745	0.3826	0.0	0.0
PTK2B	372.4344	-2.2186	0.1857	0.0	0.0
PTK6	416.1656	-1.1601	0.1658	0.0	0.0
PTPN14	3092.7359	1.1714	0.0852	0.0	0.0
PUS10	127.287	-1.5943	0.309	0.0	0.0
PXMP4	101.2634	-1.0947	0.3489	0.0001	0.0002
PYCR2	917.2833	-1.245	0.1231	0.0	0.0
PYCRL	513.9685	-1.4306	0.1489	0.0	0.0
QRICH2	64.0595	-1.3315	0.419	0.0	0.0001
R3HDM4	647.4173	-1.066	0.1339	0.0	0.0
RAB12	494.4184	1.4595	0.1622	0.0	0.0
RAB15	890.3515	-1.0815	0.1156	0.0	0.0
RAB36	69.5374	-1.4684	0.4129	0.0	0.0
RAB4B	112.5863	-1.0449	0.3015	0.0	0.0001
RAB9B	32.7672	-1.2612	0.568	0.0002	0.0008
RAD54L2	1237.0735	1.04	0.1068	0.0	0.0
RAPGEFL1	160.7888	-2.1189	0.2982	0.0	0.0
RBAK	717.9937	1.0458	0.1266	0.0	0.0
RBBP6	1115.4488	-1.2673	0.1169	0.0	0.0
RBM14	1544.4668	-1.2872	0.0917	0.0	0.0
RBM25	4566.8691	1.1631	0.0618	0.0	0.0
RBM26	2279.2808	1.0419	0.0768	0.0	0.0
RBM39	8791.6391	2.096	0.0523	0.0	0.0
RBM4B	224.7632	-1.0484	0.222	0.0	0.0
RBM5-AS1	56.2182	1.9436	0.5355	0.0	0.0
RC3H1	1498.1294	1.6465	0.093	0.0	0.0
RCCD1	397.5667	-1.0615	0.1685	0.0	0.0
RCHY1	714.3112	1.1395	0.1313	0.0	0.0
RECQL5	216.8213	-1.902	0.2517	0.0	0.0
REEP4	724.2973	-1.1684	0.1259	0.0	0.0
RELL2	72.9762	-1.0934	0.3641	0.0001	0.0003
RFC4	464.3976	-2.814	0.1742	0.0	0.0
RFNG	293.3506	-1.4498	0.1979	0.0	0.0
RFX5	314.2062	-1.209	0.1863	0.0	0.0
RFXAP	72.5119	-1.9428	0.4499	0.0	0.0
RGS12	230.2542	-1.1828	0.2275	0.0	0.0
RHBDF2	324.6739	-1.1357	0.181	0.0	0.0
RHOBTB3	4983.2251	-1.3994	0.0592	0.0	0.0
RIC8A	3578.1773	-1.2344	0.0671	0.0	0.0
RIF1	3397.0252	1.1696	0.0663	0.0	0.0
RIMS3	168.6617	-1.1065	0.2538	0.0	0.0
RMND5B	477.3233	-1.2522	0.1573	0.0	0.0
RNF168	939.573	1.1424	0.114	0.0	0.0
RNF170	174.8241	-1.0593	0.3027	0.0	0.0001
RNF215	117.9476	-1.4542	0.3331	0.0	0.0
RNF217	247.4916	1.1121	0.2159	0.0	0.0
RNF219	1016.8482	1.1831	0.1072	0.0	0.0
RNF4	3227.2578	1.0387	0.0661	0.0	0.0
RNFT1	198.0489	-1.0284	0.248	0.0	0.0
RORA	4619.649	1.0233	0.0599	0.0	0.0
RP11-219B17.1	109.8837	2.7271	0.3702	0.0	0.0
RP11-473M20.14	22.669	-1.1843	0.6638	0.0006	0.0019
RP11-475N22.4	213.7659	-1.5518	0.2412	0.0	0.0
RP11-85F14.5	26.4822	-1.5636	0.7323	0.0001	0.0002
RP5-1142A6.2	15.9618	1.1689	0.7684	0.0007	0.002
RPH3AL	156.577	-1.4065	0.2789	0.0	0.0
RPL23AP53	117.3521	-1.3598	0.3083	0.0	0.0
RPP25L	304.7746	-1.0365	0.1978	0.0	0.0
RPS6KA2	200.6718	-1.0556	0.2257	0.0	0.0
RPS6KL1	38.4039	-2.7789	0.6751	0.0	0.0
RPUSD3	183.9672	-1.1223	0.2371	0.0	0.0
RSAD1	142.2071	-2.7743	0.3142	0.0	0.0
RSRC2	3563.62	2.1294	0.0686	0.0	0.0
RTKN	740.1715	-1.7283	0.1458	0.0	0.0
RUFY2	220.0505	-1.0872	0.2322	0.0	0.0
RUNX2	2181.8256	1.0478	0.0798	0.0	0.0
SAMD10	136.4142	-2.4477	0.316	0.0	0.0
SARM1	103.0306	-1.0104	0.3089	0.0001	0.0002
SASS6	277.2444	-1.268	0.2062	0.0	0.0
SBF2	747.3586	-1.2529	0.1273	0.0	0.0
SBK1	164.9297	-1.4573	0.2625	0.0	0.0
SCAF8	2228.2077	1.3029	0.0774	0.0	0.0
SCMH1	337.168	-1.0885	0.1775	0.0	0.0
SDC3	444.6633	-1.1266	0.157	0.0	0.0
SDCCAG8	195.0598	-1.2255	0.2393	0.0	0.0
SEC14L1P1	65.6021	1.5807	0.448	0.0	0.0
SEC24B	1790.3181	1.0892	0.0847	0.0	0.0
SECISBP2	418.9089	-1.4606	0.1702	0.0	0.0
SENP3	1517.8438	-1.072	0.0898	0.0	0.0
SESN2	775.4198	1.2771	0.1205	0.0	0.0
SETD4	371.3885	2.0473	0.1847	0.0	0.0
SETD5	2999.6952	1.0453	0.0732	0.0	0.0
SFXN3	1006.748	-1.0603	0.1067	0.0	0.0
SFXN5	257.4237	-2.1032	0.2249	0.0	0.0
SGK3	196.6441	-1.1802	0.2337	0.0	0.0
SGSH	347.6493	-1.3594	0.1886	0.0	0.0
SH2B1	565.126	-1.8171	0.1763	0.0	0.0
SH2B2	50.3153	-1.0103	0.427	0.0008	0.0023
SH3PXD2A	181.7659	-1.8044	0.2599	0.0	0.0
SH3PXD2B	276.9128	-2.0499	0.2155	0.0	0.0
SHPRH	108.0912	-1.0542	0.3074	0.0	0.0001
SHROOM1	385.3309	-1.4614	0.1838	0.0	0.0
SIGLEC6	36.955	-1.0041	0.4817	0.0014	0.0038
SIRT6	568.0606	-1.0498	0.1438	0.0	0.0
SLC16A13	95.1267	-1.1893	0.3329	0.0	0.0
SLC16A5	277.6907	-1.2181	0.215	0.0	0.0
SLC25A27	25.6239	-1.609	0.7494	0.0001	0.0002
SLC25A29	431.057	-1.0152	0.1638	0.0	0.0
SLC25A32	578.3159	-1.4332	0.1425	0.0	0.0
SLC25A42	96.2266	-2.5335	0.4017	0.0	0.0
SLC25A43	93.6517	-1.6778	0.4026	0.0	0.0
SLC26A11	161.6945	-1.4304	0.2728	0.0	0.0
SLC26A6	227.5981	-1.1584	0.2311	0.0	0.0
SLC27A1	87.5236	-1.52	0.3694	0.0	0.0
SLC29A3	52.6089	-1.2857	0.4563	0.0001	0.0002
SLC2A10	150.2126	-2.4684	0.3037	0.0	0.0
SLC2A8	263.916	-1.193	0.2055	0.0	0.0
SLC30A1	207.4023	1.1405	0.2324	0.0	0.0
SLC30A6	769.4358	-1.5423	0.1289	0.0	0.0
SLC35A1	135.1671	-2.1193	0.3211	0.0	0.0
SLC35C2	415.2686	-2.0048	0.1733	0.0	0.0
SLC35E2	247.8808	-1.0921	0.2125	0.0	0.0
SLC35F5	940.4142	-1.0925	0.112	0.0	0.0
SLC37A1	693.0784	-1.8847	0.1337	0.0	0.0
SLC38A9	168.2946	-1.3941	0.2568	0.0	0.0
SLC39A13	303.2916	-2.0228	0.2065	0.0	0.0
SLC43A1	117.3336	-1.0661	0.2915	0.0	0.0
SLC45A4	444.0841	-1.0804	0.1554	0.0	0.0
SLC46A3	74.2758	-1.2469	0.3845	0.0	0.0001
SLC48A1	414.8855	-1.2061	0.1635	0.0	0.0
SLC5A3	1113.2445	-1.1085	0.1045	0.0	0.0
SLC6A20	162.1924	-1.1245	0.2691	0.0	0.0
SLC6A9	117.7696	-1.2076	0.3048	0.0	0.0
SLC8B1	649.4848	-1.0213	0.134	0.0	0.0
SLX1A-SULT1A3	114.1679	-1.2853	0.3189	0.0	0.0
SMEK1	4349.362	1.1959	0.0635	0.0	0.0
SMG5	1980.8508	-1.1837	0.0807	0.0	0.0
SMG9	585.2608	-1.3529	0.1426	0.0	0.0
SMNDC1	1951.8512	1.7425	0.0926	0.0	0.0
SMPDL3A	82.3409	-1.19	0.3567	0.0	0.0001
SNHG17	470.6101	1.0684	0.1511	0.0	0.0
SNIP1	588.081	1.1226	0.1359	0.0	0.0
SNX27	974.0375	-1.006	0.1152	0.0	0.0
SON	11932.8057	1.2702	0.0548	0.0	0.0
SORBS2	72.2839	-1.0314	0.3856	0.0003	0.001
SPC24	153.5771	-1.2123	0.2687	0.0	0.0
SPEN	3606.9887	1.0942	0.0833	0.0	0.0
SPPL2B	292.0365	-1.7002	0.2158	0.0	0.0
SPRN	91.4839	-1.5972	0.3687	0.0	0.0
SPTLC3	312.4299	-1.4439	0.1951	0.0	0.0
SREBF1	1187.6837	-1.2461	0.1061	0.0	0.0
SRGAP1	1368.5898	1.1	0.1022	0.0	0.0
SRMS	227.3639	-1.3996	0.2269	0.0	0.0
SRRM1	7862.3882	1.56	0.052	0.0	0.0
SRRM2	19030.4437	1.056	0.1818	0.0	0.0
SRSF2	10998.0064	1.16	0.0504	0.0	0.0
SRSF3	14119.4755	1.2894	0.0512	0.0	0.0
SRSF4	3306.726	1.4188	0.0693	0.0	0.0
SRSF5	1521.1098	-1.4125	0.0956	0.0	0.0
SSBP4	169.8547	-1.0346	0.2489	0.0	0.0
STAG3L2	68.0502	-1.0153	0.4175	0.0007	0.002
STAM	1392.5786	1.2194	0.0959	0.0	0.0
STAT2	487.2567	-1.276	0.1577	0.0	0.0
STEAP2	161.1073	-1.7499	0.2809	0.0	0.0
STEAP4	64.605	-1.491	0.4296	0.0	0.0
STK17B	1708.4772	1.0061	0.0869	0.0	0.0
STK38	736.5394	-1.4437	0.1267	0.0	0.0
STOML1	109.9293	-1.6307	0.3388	0.0	0.0
STRADB	108.9193	-1.4118	0.3311	0.0	0.0
STX17	571.4329	-1.1476	0.1389	0.0	0.0
STX5	416.3817	-1.3102	0.1742	0.0	0.0
STXBP5	378.6189	-1.0257	0.182	0.0	0.0
SUV420H1	1231.6046	1.015	0.1041	0.0	0.0
SYT12	225.5637	-2.0968	0.242	0.0	0.0
SYTL2	99.0192	-1.0221	0.322	0.0001	0.0003
SYTL4	87.3738	-1.6068	0.392	0.0	0.0
TAB1	216.8129	-2.144	0.2453	0.0	0.0
TADA1	482.2356	1.0518	0.1538	0.0	0.0
TAF11	216.8923	-2.3665	0.246	0.0	0.0
TAF1D	1118.1803	2.233	0.1073	0.0	0.0
TANGO6	316.8129	-1.0131	0.182	0.0	0.0
TBC1D2B	593.5827	-1.2885	0.1398	0.0	0.0
TBC1D31	93.5178	-1.0699	0.3241	0.0	0.0002
TBC1D3H	14.4477	1.3648	1.1322	0.0	0.0001
TCAIM	237.403	-1.0298	0.2291	0.0	0.0
TCERG1	2791.2598	1.1319	0.0714	0.0	0.0
TCF7L2	1917.7326	1.0685	0.0814	0.0	0.0
TEAD3	586.7294	-1.3948	0.1457	0.0	0.0
TFB1M	250.1964	-1.0943	0.2064	0.0	0.0
TFCP2L1	220.5175	-1.1788	0.2537	0.0	0.0
THRAP3	7349.496	1.1899	0.055	0.0	0.0
TIAF1	33.3942	1.1538	0.5485	0.0005	0.0016
TICRR	1165.0621	1.2632	0.1066	0.0	0.0
TIGD1	166.0094	1.0046	0.2474	0.0	0.0
TINAGL1	2999.8953	-1.2772	0.0736	0.0	0.0
TMC5	268.691	-1.2615	0.2049	0.0	0.0
TMCO4	231.2681	-1.265	0.2243	0.0	0.0
TMCO6	96.3983	-1.105	0.3233	0.0	0.0001
TMEM101	290.2838	-1.2117	0.194	0.0	0.0
TMEM104	295.6416	-1.3994	0.245	0.0	0.0
TMEM106A	25.6912	-2.0052	0.8328	0.0	0.0
TMEM129	545.8031	-2.4947	0.1561	0.0	0.0
TMEM138	349.1316	-1.2933	0.1936	0.0	0.0
TMEM144	207.6635	-1.1228	0.2249	0.0	0.0
TMEM161B	203.3162	-1.1721	0.232	0.0	0.0
TMEM165	905.9335	-1.878	0.1287	0.0	0.0
TMEM181	833.8011	-1.0463	0.1182	0.0	0.0
TMEM187	50.5635	-2.2107	0.5576	0.0	0.0
TMEM194A	1184.7306	-1.375	0.1024	0.0	0.0
TMEM198B	108.4789	-1.0462	0.3288	0.0001	0.0002
TMEM218	101.1033	-1.5879	0.3447	0.0	0.0
TMEM221	98.6637	-1.0059	0.3139	0.0001	0.0003
TMEM223	155.6064	-1.8428	0.2838	0.0	0.0
TMEM229B	14.4254	-1.0427	0.7587	0.0013	0.0036
TMEM241	132.8495	-1.4386	0.3038	0.0	0.0
TMEM243	183.257	-1.4037	0.2475	0.0	0.0
TMEM41A	1087.9333	1.0219	0.1031	0.0	0.0
TMEM43	1011.9645	-1.3836	0.1092	0.0	0.0
TMEM44	67.8384	-2.3407	0.473	0.0	0.0
TMEM5	288.9319	-1.2037	0.2091	0.0	0.0
TMEM63A	478.8863	-1.2116	0.1592	0.0	0.0
TMEM69	307.7286	-1.0041	0.1963	0.0	0.0
TNFRSF10D	2031.1039	1.4778	0.081	0.0	0.0
TNRC6C-AS1	277.0864	-1.5985	0.2075	0.0	0.0
TNS1	42.3939	-1.5633	0.5492	0.0	0.0
TNS4	5833.019	-1.2552	0.0569	0.0	0.0
TOM1L2	550.3896	-1.6172	0.1545	0.0	0.0
TOR1B	433.9315	-1.0898	0.1602	0.0	0.0
TP53I13	613.4461	-1.4487	0.1376	0.0	0.0
TPCN2	177.6247	-1.2513	0.2619	0.0	0.0
TRABD	807.7458	-1.5321	0.1225	0.0	0.0
TRAF1	23.25	-1.6235	0.8318	0.0001	0.0002
TRAPPC11	603.6682	-1.1863	0.1376	0.0	0.0
TRAPPC2	138.6368	-1.1247	0.2735	0.0	0.0
TRAPPC6B	355.307	-1.203	0.1752	0.0	0.0
TREX1	135.5585	-1.6364	0.3161	0.0	0.0
TRIM10	96.2661	-1.7959	0.3688	0.0	0.0
TRIM3	203.7192	-1.4656	0.2514	0.0	0.0
TRIM41	734.8631	-1.3144	0.1331	0.0	0.0
TRIM45	62.0338	-1.6333	0.4567	0.0	0.0
TRIM5	492.298	-1.2054	0.158	0.0	0.0
TRIM56	420.3202	-1.4334	0.1692	0.0	0.0
TRIM6	206.7449	-1.0934	0.2266	0.0	0.0
TRIM65	226.6771	-2.9941	0.2579	0.0	0.0
TRIM66	238.861	-1.6014	0.2334	0.0	0.0
TRIOBP	1198.3325	-1.5175	0.1068	0.0	0.0
TRMT10C	1048.7274	1.2071	0.1068	0.0	0.0
TRMT2A	626.0473	-2.1235	0.1474	0.0	0.0
TRMT61B	125.7579	-1.2195	0.2949	0.0	0.0
TRMU	482.2922	-1.0321	0.1553	0.0	0.0
TRPV1	77.6787	-1.2587	0.3873	0.0	0.0001
TSNARE1	49.8827	-2.0374	0.5548	0.0	0.0
TSPAN17	745.1178	-1.0672	0.1224	0.0	0.0
TSPYL4	593.9955	1.2812	0.1366	0.0	0.0
TTC31	247.3317	-1.6912	0.2252	0.0	0.0
TTC8	228.631	-1.0198	0.2557	0.0	0.0
TUBGCP6	681.064	-1.0626	0.1324	0.0	0.0
TUFT1	1132.0842	1.0474	0.1067	0.0	0.0
TYSND1	515.0314	-1.1282	0.1585	0.0	0.0
UBE2G2	1043.1824	-1.2444	0.116	0.0	0.0
UBL7-AS1	40.8164	-1.4151	0.5373	0.0	0.0002
UBOX5	349.035	1.2054	0.1788	0.0	0.0
UBQLN2	1321.5949	1.0162	0.0955	0.0	0.0
UHRF2	1098.8327	1.3107	0.104	0.0	0.0
UNC119	373.5097	-1.152	0.1715	0.0	0.0
UNC50	252.2126	-2.5459	0.2303	0.0	0.0
URB2	1739.1769	1.0504	0.0875	0.0	0.0
USP20	255.742	-1.4836	0.2124	0.0	0.0
USP4	1065.3575	1.1264	0.1036	0.0	0.0
UST	197.4748	-1.1385	0.2351	0.0	0.0
UTP3	1228.6085	1.1044	0.1047	0.0	0.0
VAMP2	303.9746	-1.0388	0.1853	0.0	0.0
VEZF1	2054.8417	1.0647	0.0848	0.0	0.0
VPRBP	2258.4987	1.1696	0.0833	0.0	0.0
VPS13B	402.5083	1.0957	0.1685	0.0	0.0
VRK3	248.984	-1.7529	0.219	0.0	0.0
VWA2	215.0783	-1.1394	0.2278	0.0	0.0
WDR43	3434.8857	1.4947	0.0682	0.0	0.0
WDR55	895.3421	-1.0325	0.1123	0.0	0.0
WDR81	584.0717	-1.2976	0.1443	0.0	0.0
WDR90	461.0667	-1.2674	0.1614	0.0	0.0
WDR92	216.8456	-1.6513	0.2503	0.0	0.0
WDSUB1	133.1465	-1.0673	0.2761	0.0	0.0
WEE1	3343.0405	1.1978	0.0676	0.0	0.0
WHAMM	769.3399	1.0347	0.1255	0.0	0.0
WIPI1	103.5426	-1.006	0.3074	0.0001	0.0002
WNK4	37.1844	-1.3787	0.5529	0.0001	0.0003
WNT10A	83.3675	-1.1066	0.3615	0.0001	0.0003
WRAP73	496.7146	-1.5694	0.1647	0.0	0.0
WTAP	2374.3712	1.0214	0.0808	0.0	0.0
XPC	544.3988	-1.7955	0.149	0.0	0.0
XRCC1	552.3173	-1.2053	0.1442	0.0	0.0
YAE1D1	92.5243	-1.1227	0.3365	0.0	0.0001
YPEL3	162.4222	-1.0012	0.2491	0.0	0.0
ZBED6	774.1263	1.6344	0.3044	0.0	0.0
ZBED6CL	86.6793	-1.0875	0.3374	0.0	0.0002
ZBTB11	1276.2329	1.0608	0.0964	0.0	0.0
ZBTB24	500.935	1.1186	0.1728	0.0	0.0
ZBTB47	143.8311	-1.115	0.2663	0.0	0.0
ZC3H8	206.6378	-1.2823	0.2383	0.0	0.0
ZC3HAV1	1805.5753	1.1456	0.0954	0.0	0.0
ZC3HAV1L	120.8519	-1.5076	0.3372	0.0	0.0
ZCCHC24	48.3138	-1.2202	0.4832	0.0002	0.0005
ZCCHC8	972.5523	1.0815	0.1102	0.0	0.0
ZDHHC21	334.9455	-1.1308	0.1939	0.0	0.0
ZFAND2B	285.7491	-1.0941	0.2046	0.0	0.0
ZFAND5	5004.9873	1.1029	0.0603	0.0	0.0
ZFC3H1	472.8378	-2.3667	0.1714	0.0	0.0
ZFPL1	534.6059	-1.0456	0.1465	0.0	0.0
ZFYVE19	392.407	-1.2779	0.1677	0.0	0.0
ZFYVE27	334.8394	-2.292	0.1983	0.0	0.0
ZNF142	1865.1288	1.1653	0.0864	0.0	0.0
ZNF143	647.199	1.01	0.1321	0.0	0.0
ZNF16	240.9215	1.015	0.2063	0.0	0.0
ZNF212	434.9008	1.2381	0.1582	0.0	0.0
ZNF227	660.0236	1.3618	0.133	0.0	0.0
ZNF248	177.5334	-1.0375	0.2562	0.0	0.0
ZNF263	1232.1729	1.1722	0.1002	0.0	0.0
ZNF282	1965.3439	1.0041	0.0834	0.0	0.0
ZNF292	1288.3859	1.7103	0.1038	0.0	0.0
ZNF311	64.4108	-1.8675	0.4746	0.0	0.0
ZNF317	1794.6388	1.3134	0.0837	0.0	0.0
ZNF35	480.3005	1.2505	0.1519	0.0	0.0
ZNF384	1508.8806	1.0565	0.0913	0.0	0.0
ZNF410	1593.178	1.1985	0.0929	0.0	0.0
ZNF443	263.285	1.0351	0.2046	0.0	0.0
ZNF451	1573.7963	1.145	0.0887	0.0	0.0
ZNF484	203.9489	1.0818	0.2298	0.0	0.0
ZNF488	50.3695	-1.4344	0.4865	0.0	0.0001
ZNF497	51.6449	-1.267	0.4816	0.0001	0.0003
ZNF514	75.2744	-1.0259	0.3678	0.0003	0.0008
ZNF518A	569.9602	-1.3849	0.1437	0.0	0.0
ZNF554	55.8801	-1.6803	0.4881	0.0	0.0
ZNF557	446.2646	1.102	0.1567	0.0	0.0
ZNF580	384.5968	-1.1584	0.1886	0.0	0.0
ZNF649	76.6539	1.0093	0.3522	0.0002	0.0007
ZNF653	142.703	-1.1108	0.2793	0.0	0.0
ZNF655	414.5279	-1.2678	0.1657	0.0	0.0
ZNF746	1528.8381	1.1938	0.0889	0.0	0.0
ZNF75D	95.6186	-1.0471	0.3206	0.0001	0.0002
ZNF776	506.7627	1.2913	0.1515	0.0	0.0
ZNF816-ZNF321P	13.2623	1.2822	1.0984	0.0	0.0001
ZNF862	140.5141	-1.3853	0.285	0.0	0.0
ZNF876P	29.7216	1.3929	0.6233	0.0001	0.0004
ZNRF1	458.9713	-1.147	0.1562	0.0	0.0
ZRANB2	827.7499	-1.1902	0.1244	0.0	0.0
ZSCAN5A	39.7767	-1.7792	0.6072	0.0	0.0
