,Depmap ID,VENETOCLAX (BRD:BRD-K62391742-001-09-7) 0.0391μM,1p,1q,2p,2q,3p,3q,4p,4q,5p,5q,6p,6q,7p,7q,8p,8q,9p,9q,10p,10q,11p,11q,12p,12q,13q,14q,15q,16p,16q,17p,17q,18p,18q,19p,19q,20p,20q,21q,22q,cn_category
0,ACH-001321,-0.269803298,-1.0,1.0,0.0,0.0,-1.0,0.0,0.0,0.0,0.0,0.0,0.0,0.0,0.0,0.0,-1.0,1.0,-1.0,-1.0,0.0,0.0,-1.0,-1.0,1.0,0.0,-1.0,0.0,0.0,0.0,0.0,0.0,0.0,0.0,0.0,0.0,0.0,0.0,0.0,0.0,0.0,Non-Deletion
1,ACH-001318,0.142714765,-1.0,0.0,0.0,0.0,-1.0,-1.0,0.0,-1.0,-1.0,-1.0,0.0,0.0,0.0,0.0,-1.0,0.0,-1.0,-1.0,0.0,-1.0,-1.0,0.0,0.0,0.0,0.0,-1.0,0.0,-1.0,-1.0,-1.0,0.0,0.0,-1.0,-1.0,0.0,-1.0,0.0,1.0,-1.0,Deletion
2,ACH-001307,0.014650444,0.0,-1.0,-1.0,-1.0,1.0,1.0,-1.0,-1.0,1.0,0.0,0.0,0.0,-1.0,-1.0,-1.0,0.0,-1.0,1.0,-1.0,-1.0,1.0,1.0,0.0,0.0,-1.0,0.0,0.0,0.0,0.0,0.0,0.0,-1.0,-1.0,0.0,0.0,1.0,1.0,1.0,-1.0,Non-Deletion
3,ACH-001306,-0.289554495,0.0,0.0,0.0,1.0,0.0,0.0,1.0,0.0,0.0,0.0,1.0,-1.0,-1.0,1.0,-1.0,1.0,1.0,1.0,0.0,-1.0,0.0,0.0,-1.0,-1.0,-1.0,1.0,1.0,0.0,0.0,0.0,0.0,1.0,1.0,-1.0,1.0,1.0,1.0,0.0,1.0,Non-Deletion
4,ACH-001239,0.188400235,0.0,0.0,0.0,0.0,0.0,0.0,-1.0,0.0,-1.0,-1.0,-1.0,0.0,1.0,1.0,0.0,0.0,-1.0,0.0,0.0,0.0,0.0,0.0,0.0,0.0,0.0,0.0,0.0,-1.0,-1.0,0.0,0.0,-1.0,0.0,0.0,0.0,0.0,0.0,0.0,0.0,Non-Deletion
5,ACH-001190,-0.058730019,0.0,1.0,0.0,0.0,1.0,1.0,0.0,0.0,-1.0,0.0,0.0,0.0,1.0,1.0,0.0,0.0,0.0,0.0,0.0,0.0,0.0,-1.0,0.0,0.0,-1.0,0.0,0.0,0.0,0.0,-1.0,1.0,0.0,0.0,0.0,0.0,0.0,1.0,0.0,-1.0,Deletion
6,ACH-001145,-0.061545403,0.0,0.0,0.0,0.0,0.0,0.0,-1.0,-1.0,0.0,0.0,0.0,0.0,0.0,1.0,0.0,0.0,0.0,0.0,0.0,0.0,0.0,0.0,0.0,0.0,-1.0,0.0,-1.0,0.0,0.0,0.0,0.0,-1.0,-1.0,0.0,0.0,1.0,1.0,1.0,0.0,Non-Deletion
7,ACH-001113,-0.638042938,0.0,1.0,1.0,0.0,-1.0,1.0,-1.0,-1.0,1.0,-1.0,1.0,-1.0,1.0,1.0,-1.0,1.0,0.0,1.0,-1.0,-1.0,-1.0,-1.0,1.0,0.0,-1.0,0.0,0.0,-1.0,0.0,0.0,1.0,1.0,-1.0,0.0,1.0,0.0,1.0,-1.0,0.0,Non-Deletion
8,ACH-001075,-0.229200382,0.0,0.0,0.0,0.0,0.0,0.0,0.0,0.0,1.0,0.0,0.0,0.0,1.0,0.0,0.0,0.0,0.0,0.0,0.0,0.0,1.0,1.0,0.0,0.0,0.0,0.0,0.0,0.0,0.0,0.0,0.0,0.0,0.0,0.0,0.0,-1.0,1.0,0.0,-1.0,Non-Deletion
9,ACH-001024,-0.107038777,1.0,1.0,1.0,1.0,0.0,0.0,0.0,0.0,0.0,0.0,0.0,0.0,1.0,1.0,1.0,1.0,0.0,0.0,-1.0,0.0,0.0,-1.0,1.0,1.0,-1.0,0.0,1.0,1.0,0.0,0.0,0.0,1.0,1.0,0.0,-1.0,0.0,1.0,0.0,0.0,Non-Deletion
10,ACH-001016,-0.107760306,0.0,0.0,0.0,0.0,-1.0,1.0,-1.0,-1.0,0.0,0.0,-1.0,0.0,1.0,1.0,0.0,0.0,-1.0,0.0,-1.0,-1.0,0.0,-1.0,-1.0,-1.0,-1.0,-1.0,0.0,0.0,1.0,0.0,1.0,-1.0,0.0,0.0,0.0,0.0,0.0,-1.0,0.0,Non-Deletion
11,ACH-000997,-0.332331113,0.0,0.0,0.0,0.0,0.0,0.0,0.0,0.0,0.0,0.0,0.0,0.0,0.0,0.0,0.0,0.0,0.0,0.0,0.0,0.0,0.0,0.0,0.0,0.0,0.0,0.0,0.0,0.0,0.0,0.0,0.0,0.0,0.0,0.0,0.0,0.0,0.0,0.0,0.0,Non-Deletion
12,ACH-000996,0.131130546,0.0,0.0,0.0,0.0,0.0,1.0,0.0,0.0,0.0,0.0,0.0,0.0,0.0,0.0,0.0,0.0,0.0,0.0,0.0,0.0,0.0,0.0,0.0,0.0,0.0,0.0,0.0,0.0,0.0,0.0,0.0,0.0,0.0,0.0,0.0,0.0,0.0,0.0,0.0,Non-Deletion
13,ACH-000994,0.206575118,0.0,0.0,1.0,0.0,0.0,0.0,-1.0,0.0,1.0,0.0,0.0,0.0,0.0,0.0,0.0,0.0,0.0,0.0,0.0,0.0,0.0,0.0,0.0,0.0,0.0,0.0,0.0,0.0,0.0,0.0,0.0,0.0,0.0,0.0,1.0,-1.0,0.0,0.0,0.0,Non-Deletion
14,ACH-000991,0.37545349,0.0,0.0,0.0,0.0,0.0,0.0,0.0,0.0,0.0,0.0,0.0,0.0,0.0,0.0,0.0,0.0,0.0,0.0,0.0,0.0,0.0,0.0,0.0,0.0,0.0,0.0,0.0,-1.0,0.0,0.0,0.0,0.0,0.0,0.0,0.0,0.0,0.0,0.0,0.0,Non-Deletion
15,ACH-000990,0.204874258,-1.0,-1.0,0.0,0.0,-1.0,-1.0,-1.0,-1.0,1.0,0.0,0.0,0.0,0.0,0.0,0.0,0.0,-1.0,-1.0,0.0,0.0,0.0,0.0,0.0,0.0,0.0,0.0,-1.0,-1.0,0.0,0.0,0.0,-1.0,-1.0,0.0,0.0,0.0,0.0,0.0,0.0,Non-Deletion
16,ACH-000988,-0.592985077,0.0,0.0,0.0,0.0,0.0,0.0,0.0,0.0,0.0,0.0,0.0,0.0,0.0,0.0,0.0,0.0,0.0,0.0,0.0,0.0,0.0,0.0,0.0,0.0,0.0,0.0,0.0,0.0,0.0,0.0,0.0,0.0,0.0,0.0,0.0,0.0,0.0,0.0,0.0,Non-Deletion
17,ACH-000987,-0.516038509,0.0,0.0,0.0,0.0,0.0,0.0,0.0,0.0,0.0,0.0,0.0,0.0,0.0,0.0,0.0,0.0,-1.0,-1.0,0.0,0.0,0.0,-1.0,0.0,0.0,0.0,0.0,0.0,0.0,0.0,0.0,0.0,0.0,0.0,0.0,0.0,0.0,0.0,0.0,0.0,Non-Deletion
18,ACH-000985,0.120772961,0.0,0.0,0.0,0.0,0.0,1.0,0.0,0.0,1.0,1.0,0.0,1.0,1.0,1.0,0.0,1.0,0.0,0.0,1.0,1.0,0.0,0.0,1.0,1.0,1.0,0.0,1.0,0.0,0.0,1.0,0.0,1.0,-1.0,0.0,0.0,0.0,0.0,-1.0,0.0,Non-Deletion
19,ACH-000984,-0.194499447,0.0,0.0,0.0,0.0,0.0,0.0,0.0,0.0,0.0,0.0,0.0,0.0,0.0,0.0,-1.0,0.0,0.0,0.0,0.0,0.0,0.0,0.0,0.0,0.0,-1.0,0.0,0.0,0.0,0.0,0.0,0.0,0.0,0.0,0.0,0.0,-1.0,0.0,-1.0,0.0,Non-Deletion
20,ACH-000982,-0.396343513,0.0,0.0,0.0,0.0,0.0,0.0,0.0,0.0,0.0,0.0,0.0,0.0,0.0,0.0,0.0,0.0,0.0,0.0,0.0,0.0,0.0,0.0,0.0,0.0,0.0,0.0,0.0,0.0,0.0,0.0,0.0,0.0,0.0,0.0,0.0,0.0,0.0,0.0,0.0,Non-Deletion
21,ACH-000979,-0.308945352,-1.0,0.0,-1.0,-1.0,-1.0,-1.0,0.0,-1.0,1.0,0.0,0.0,-1.0,0.0,0.0,0.0,0.0,-1.0,0.0,-1.0,0.0,-1.0,0.0,-1.0,0.0,-1.0,1.0,-1.0,-1.0,0.0,-1.0,0.0,1.0,-1.0,-1.0,-1.0,-1.0,0.0,1.0,-1.0,Deletion
22,ACH-000978,-0.472719826,0.0,0.0,0.0,0.0,0.0,0.0,0.0,0.0,0.0,0.0,0.0,0.0,-1.0,0.0,0.0,0.0,0.0,0.0,0.0,0.0,0.0,0.0,0.0,0.0,0.0,0.0,0.0,0.0,0.0,0.0,0.0,0.0,0.0,0.0,0.0,0.0,0.0,0.0,0.0,Non-Deletion
23,ACH-000977,-0.261165813,0.0,0.0,-1.0,0.0,0.0,0.0,0.0,0.0,0.0,0.0,0.0,0.0,0.0,0.0,0.0,0.0,0.0,0.0,0.0,0.0,0.0,0.0,0.0,0.0,0.0,0.0,0.0,0.0,0.0,0.0,0.0,0.0,0.0,0.0,0.0,0.0,0.0,0.0,0.0,Non-Deletion
24,ACH-000976,-0.485143774,0.0,1.0,0.0,0.0,0.0,1.0,-1.0,0.0,1.0,1.0,0.0,-1.0,1.0,0.0,0.0,1.0,0.0,0.0,-1.0,0.0,0.0,1.0,1.0,0.0,-1.0,1.0,0.0,-1.0,-1.0,0.0,1.0,-1.0,-1.0,0.0,0.0,1.0,1.0,0.0,-1.0,Non-Deletion
25,ACH-000974,0.034218559,0.0,0.0,0.0,0.0,0.0,0.0,0.0,0.0,0.0,0.0,0.0,0.0,0.0,0.0,0.0,0.0,0.0,0.0,0.0,0.0,0.0,0.0,0.0,0.0,0.0,0.0,0.0,0.0,0.0,0.0,0.0,0.0,0.0,0.0,0.0,0.0,0.0,0.0,0.0,Non-Deletion
26,ACH-000973,0.280552802,0.0,0.0,1.0,0.0,1.0,0.0,0.0,0.0,1.0,0.0,0.0,0.0,0.0,0.0,0.0,1.0,0.0,0.0,0.0,0.0,0.0,1.0,1.0,0.0,0.0,0.0,0.0,0.0,0.0,0.0,0.0,1.0,1.0,1.0,1.0,1.0,1.0,0.0,1.0,Non-Deletion
27,ACH-000972,-0.103308037,0.0,0.0,0.0,0.0,0.0,0.0,0.0,0.0,0.0,0.0,0.0,0.0,0.0,0.0,0.0,0.0,0.0,0.0,0.0,0.0,0.0,0.0,0.0,0.0,0.0,0.0,0.0,0.0,0.0,0.0,0.0,0.0,0.0,0.0,0.0,0.0,0.0,0.0,0.0,Non-Deletion
28,ACH-000971,-0.286155232,0.0,0.0,0.0,0.0,0.0,0.0,0.0,0.0,0.0,0.0,0.0,0.0,0.0,0.0,0.0,0.0,0.0,0.0,0.0,0.0,0.0,0.0,0.0,0.0,0.0,0.0,0.0,0.0,0.0,0.0,0.0,0.0,0.0,0.0,0.0,0.0,0.0,0.0,0.0,Non-Deletion
29,ACH-000970,-0.276199451,0.0,0.0,0.0,0.0,0.0,0.0,0.0,0.0,0.0,0.0,0.0,0.0,1.0,0.0,0.0,0.0,0.0,0.0,0.0,0.0,0.0,0.0,1.0,0.0,0.0,0.0,0.0,0.0,0.0,0.0,0.0,0.0,0.0,0.0,0.0,0.0,1.0,0.0,1.0,Non-Deletion
30,ACH-000968,-0.254986151,-1.0,-1.0,0.0,0.0,0.0,0.0,-1.0,0.0,0.0,-1.0,0.0,-1.0,-1.0,1.0,-1.0,-1.0,-1.0,-1.0,0.0,-1.0,0.0,-1.0,0.0,0.0,0.0,-1.0,1.0,-1.0,-1.0,-1.0,1.0,0.0,0.0,-1.0,-1.0,0.0,0.0,-1.0,0.0,Deletion
31,ACH-000967,-0.526463682,-1.0,0.0,0.0,0.0,0.0,0.0,0.0,0.0,0.0,0.0,0.0,1.0,0.0,0.0,-1.0,0.0,-1.0,0.0,0.0,0.0,0.0,0.0,0.0,0.0,0.0,0.0,0.0,0.0,0.0,0.0,0.0,0.0,0.0,0.0,0.0,0.0,0.0,0.0,0.0,Non-Deletion
32,ACH-000966,0.232011026,0.0,0.0,0.0,0.0,0.0,0.0,0.0,0.0,0.0,0.0,0.0,0.0,0.0,0.0,0.0,0.0,0.0,0.0,0.0,0.0,0.0,0.0,0.0,0.0,0.0,0.0,0.0,0.0,0.0,0.0,0.0,0.0,0.0,0.0,0.0,0.0,0.0,0.0,0.0,Non-Deletion
33,ACH-000965,-0.535919179,0.0,0.0,0.0,0.0,0.0,0.0,0.0,0.0,0.0,0.0,0.0,-1.0,0.0,0.0,1.0,1.0,0.0,0.0,0.0,0.0,0.0,0.0,0.0,0.0,0.0,0.0,0.0,0.0,0.0,0.0,0.0,0.0,0.0,0.0,0.0,0.0,0.0,0.0,0.0,Non-Deletion
34,ACH-000962,-0.441267077,0.0,0.0,0.0,0.0,0.0,0.0,-1.0,-1.0,0.0,0.0,0.0,0.0,0.0,1.0,0.0,0.0,0.0,0.0,0.0,0.0,0.0,0.0,0.0,0.0,-1.0,0.0,-1.0,0.0,0.0,0.0,0.0,-1.0,-1.0,0.0,0.0,1.0,1.0,1.0,0.0,Non-Deletion
35,ACH-000961,-0.184530834,0.0,0.0,0.0,0.0,0.0,0.0,0.0,0.0,0.0,0.0,0.0,0.0,0.0,0.0,0.0,0.0,0.0,0.0,0.0,0.0,0.0,0.0,1.0,1.0,0.0,0.0,0.0,0.0,0.0,0.0,0.0,0.0,0.0,0.0,0.0,0.0,0.0,0.0,0.0,Non-Deletion
36,ACH-000959,-0.504349298,0.0,0.0,0.0,0.0,0.0,0.0,0.0,0.0,0.0,0.0,0.0,0.0,0.0,0.0,0.0,0.0,0.0,0.0,0.0,0.0,0.0,0.0,0.0,0.0,0.0,0.0,0.0,0.0,0.0,0.0,0.0,0.0,0.0,0.0,0.0,0.0,0.0,0.0,0.0,Non-Deletion
37,ACH-000958,0.002648858,0.0,0.0,0.0,0.0,0.0,0.0,0.0,0.0,0.0,0.0,0.0,0.0,1.0,1.0,0.0,0.0,0.0,0.0,0.0,0.0,0.0,0.0,0.0,0.0,0.0,1.0,0.0,0.0,0.0,0.0,0.0,0.0,0.0,0.0,0.0,0.0,0.0,0.0,-1.0,Non-Deletion
38,ACH-000957,-0.391552311,0.0,0.0,0.0,0.0,0.0,0.0,0.0,0.0,0.0,0.0,0.0,0.0,0.0,0.0,0.0,0.0,0.0,0.0,0.0,0.0,0.0,0.0,0.0,0.0,0.0,0.0,0.0,0.0,0.0,0.0,0.0,0.0,0.0,0.0,0.0,0.0,0.0,0.0,0.0,Non-Deletion
39,ACH-000956,-0.200073684,0.0,1.0,0.0,0.0,0.0,0.0,0.0,0.0,0.0,0.0,0.0,0.0,1.0,1.0,1.0,0.0,0.0,0.0,0.0,0.0,0.0,0.0,1.0,1.0,0.0,0.0,0.0,0.0,0.0,0.0,0.0,0.0,0.0,0.0,0.0,0.0,0.0,0.0,0.0,Non-Deletion
40,ACH-000955,-0.268364896,0.0,1.0,0.0,0.0,0.0,0.0,0.0,0.0,0.0,0.0,0.0,0.0,0.0,0.0,-1.0,0.0,0.0,0.0,0.0,0.0,0.0,0.0,0.0,0.0,0.0,0.0,0.0,0.0,0.0,0.0,0.0,0.0,0.0,0.0,0.0,0.0,0.0,0.0,0.0,Non-Deletion
41,ACH-000954,-0.399313161,0.0,0.0,0.0,0.0,1.0,1.0,0.0,0.0,0.0,0.0,0.0,0.0,0.0,0.0,0.0,0.0,-1.0,0.0,0.0,0.0,0.0,0.0,0.0,0.0,0.0,0.0,0.0,0.0,0.0,0.0,1.0,0.0,0.0,0.0,1.0,0.0,0.0,0.0,0.0,Non-Deletion
42,ACH-000950,-1.115467593,0.0,0.0,0.0,0.0,0.0,0.0,0.0,0.0,1.0,1.0,0.0,0.0,1.0,1.0,0.0,0.0,0.0,0.0,0.0,0.0,0.0,0.0,1.0,1.0,0.0,0.0,1.0,0.0,0.0,0.0,0.0,0.0,0.0,0.0,0.0,0.0,0.0,0.0,0.0,Non-Deletion
43,ACH-000948,0.069795167,-1.0,0.0,0.0,0.0,0.0,0.0,0.0,0.0,0.0,0.0,0.0,0.0,0.0,0.0,0.0,1.0,0.0,0.0,0.0,0.0,0.0,0.0,0.0,0.0,0.0,0.0,0.0,0.0,0.0,0.0,0.0,0.0,-1.0,0.0,0.0,0.0,1.0,0.0,0.0,Non-Deletion
44,ACH-000947,-0.595338741,0.0,1.0,0.0,0.0,0.0,0.0,0.0,0.0,0.0,0.0,0.0,0.0,0.0,0.0,0.0,0.0,0.0,0.0,1.0,1.0,0.0,0.0,0.0,0.0,0.0,0.0,0.0,0.0,0.0,0.0,0.0,0.0,0.0,0.0,0.0,0.0,0.0,0.0,0.0,Non-Deletion
45,ACH-000946,0.159436004,0.0,0.0,0.0,0.0,0.0,0.0,0.0,0.0,0.0,0.0,0.0,0.0,0.0,0.0,0.0,0.0,0.0,0.0,0.0,0.0,0.0,0.0,0.0,0.0,0.0,0.0,0.0,0.0,0.0,0.0,0.0,0.0,0.0,0.0,0.0,0.0,0.0,0.0,0.0,Non-Deletion
46,ACH-000945,-0.459219057,-1.0,-1.0,0.0,0.0,0.0,-1.0,-1.0,-1.0,1.0,-1.0,0.0,0.0,0.0,0.0,-1.0,-1.0,-1.0,-1.0,0.0,-1.0,-1.0,1.0,1.0,0.0,-1.0,0.0,-1.0,-1.0,0.0,-1.0,0.0,-1.0,-1.0,-1.0,0.0,1.0,0.0,-1.0,-1.0,Deletion
47,ACH-000943,-0.286380168,0.0,0.0,0.0,0.0,0.0,0.0,0.0,0.0,0.0,0.0,0.0,0.0,0.0,1.0,0.0,1.0,0.0,0.0,1.0,0.0,0.0,0.0,0.0,0.0,0.0,0.0,0.0,0.0,0.0,0.0,0.0,0.0,0.0,0.0,0.0,1.0,1.0,0.0,0.0,Non-Deletion
48,ACH-000941,0.235815656,0.0,0.0,0.0,0.0,1.0,1.0,-1.0,-1.0,0.0,0.0,0.0,0.0,0.0,0.0,0.0,0.0,0.0,0.0,0.0,0.0,0.0,0.0,0.0,0.0,0.0,0.0,0.0,0.0,0.0,0.0,0.0,0.0,0.0,-1.0,0.0,0.0,0.0,0.0,-1.0,Non-Deletion
49,ACH-000940,0.164533784,0.0,0.0,0.0,0.0,0.0,0.0,0.0,0.0,1.0,1.0,1.0,1.0,1.0,1.0,0.0,0.0,0.0,0.0,0.0,1.0,0.0,0.0,0.0,0.0,0.0,0.0,0.0,0.0,0.0,0.0,0.0,0.0,0.0,0.0,0.0,0.0,0.0,0.0,0.0,Non-Deletion
50,ACH-000939,-0.075134066,0.0,0.0,0.0,0.0,0.0,0.0,0.0,0.0,0.0,0.0,0.0,0.0,0.0,0.0,0.0,0.0,0.0,0.0,0.0,0.0,0.0,0.0,0.0,0.0,-1.0,0.0,0.0,0.0,0.0,0.0,0.0,0.0,0.0,0.0,0.0,0.0,0.0,0.0,0.0,Non-Deletion
51,ACH-000936,-0.356597726,0.0,0.0,0.0,0.0,0.0,0.0,0.0,0.0,0.0,0.0,0.0,0.0,0.0,0.0,0.0,0.0,-1.0,0.0,0.0,0.0,0.0,0.0,0.0,0.0,0.0,0.0,0.0,0.0,0.0,0.0,0.0,0.0,0.0,0.0,0.0,1.0,1.0,0.0,0.0,Non-Deletion
52,ACH-000929,-0.501963024,0.0,0.0,-1.0,-1.0,-1.0,0.0,-1.0,-1.0,1.0,-1.0,-1.0,-1.0,1.0,0.0,-1.0,-1.0,-1.0,0.0,1.0,0.0,-1.0,0.0,0.0,0.0,-1.0,0.0,-1.0,-1.0,-1.0,-1.0,-1.0,0.0,-1.0,-1.0,0.0,-1.0,-1.0,-1.0,-1.0,Deletion
53,ACH-000927,-0.13795529,-1.0,-1.0,0.0,0.0,-1.0,1.0,-1.0,-1.0,1.0,-1.0,0.0,0.0,1.0,0.0,-1.0,1.0,-1.0,-1.0,-1.0,-1.0,-1.0,-1.0,0.0,0.0,-1.0,0.0,-1.0,-1.0,-1.0,-1.0,0.0,1.0,0.0,-1.0,-1.0,0.0,0.0,-1.0,-1.0,Deletion
54,ACH-000926,-0.226906582,-1.0,0.0,0.0,0.0,0.0,0.0,-1.0,-1.0,0.0,0.0,-1.0,0.0,0.0,0.0,-1.0,0.0,-1.0,0.0,0.0,0.0,0.0,0.0,0.0,0.0,0.0,0.0,0.0,0.0,0.0,0.0,0.0,-1.0,-1.0,0.0,0.0,-1.0,0.0,-1.0,-1.0,Non-Deletion
55,ACH-000924,-0.33070869,-1.0,0.0,-1.0,0.0,-1.0,0.0,-1.0,-1.0,1.0,-1.0,1.0,-1.0,0.0,-1.0,-1.0,-1.0,-1.0,1.0,-1.0,-1.0,-1.0,-1.0,-1.0,-1.0,-1.0,1.0,-1.0,0.0,0.0,-1.0,-1.0,1.0,-1.0,-1.0,1.0,-1.0,1.0,-1.0,-1.0,Deletion
56,ACH-000921,0.06105313,0.0,0.0,0.0,0.0,0.0,0.0,0.0,0.0,0.0,0.0,1.0,0.0,1.0,-1.0,-1.0,1.0,0.0,0.0,0.0,-1.0,0.0,0.0,1.0,0.0,0.0,0.0,0.0,0.0,1.0,0.0,0.0,1.0,0.0,0.0,1.0,1.0,1.0,0.0,0.0,Non-Deletion
57,ACH-000919,-0.351623815,0.0,0.0,0.0,0.0,0.0,0.0,0.0,0.0,0.0,0.0,0.0,0.0,1.0,1.0,1.0,1.0,0.0,0.0,0.0,0.0,0.0,0.0,0.0,0.0,-1.0,0.0,0.0,0.0,0.0,0.0,0.0,0.0,0.0,0.0,0.0,0.0,0.0,0.0,0.0,Non-Deletion
59,ACH-000916,-0.096644546,0.0,0.0,0.0,0.0,-1.0,0.0,0.0,0.0,-1.0,0.0,-1.0,-1.0,-1.0,0.0,-1.0,0.0,-1.0,-1.0,-1.0,0.0,-1.0,0.0,0.0,0.0,0.0,0.0,0.0,-1.0,0.0,-1.0,0.0,0.0,0.0,-1.0,-1.0,-1.0,0.0,0.0,0.0,Deletion
60,ACH-000915,-0.381278122,0.0,-1.0,-1.0,0.0,-1.0,0.0,0.0,-1.0,-1.0,-1.0,-1.0,0.0,0.0,1.0,0.0,0.0,-1.0,-1.0,-1.0,0.0,-1.0,-1.0,-1.0,-1.0,-1.0,-1.0,-1.0,-1.0,-1.0,-1.0,0.0,0.0,-1.0,0.0,1.0,-1.0,0.0,1.0,0.0,Deletion
61,ACH-000913,-0.45385497,0.0,0.0,0.0,0.0,0.0,0.0,0.0,0.0,0.0,0.0,1.0,0.0,0.0,0.0,0.0,0.0,0.0,0.0,0.0,0.0,0.0,0.0,0.0,0.0,0.0,0.0,0.0,0.0,0.0,0.0,0.0,0.0,0.0,0.0,0.0,0.0,0.0,0.0,0.0,Non-Deletion
62,ACH-000911,-0.473939363,0.0,1.0,0.0,1.0,0.0,0.0,0.0,0.0,1.0,0.0,1.0,1.0,1.0,0.0,-1.0,1.0,0.0,0.0,0.0,0.0,1.0,1.0,0.0,0.0,1.0,0.0,0.0,0.0,0.0,0.0,0.0,0.0,0.0,0.0,0.0,1.0,1.0,0.0,0.0,Non-Deletion
63,ACH-000909,-0.026185273,0.0,0.0,1.0,1.0,0.0,0.0,0.0,0.0,0.0,0.0,0.0,0.0,0.0,0.0,0.0,0.0,0.0,0.0,1.0,1.0,0.0,0.0,0.0,0.0,0.0,0.0,0.0,0.0,0.0,0.0,0.0,0.0,0.0,0.0,0.0,0.0,0.0,0.0,0.0,Non-Deletion
64,ACH-000906,-0.611642058,0.0,0.0,0.0,0.0,0.0,0.0,0.0,-1.0,1.0,0.0,1.0,0.0,1.0,0.0,-1.0,1.0,0.0,0.0,1.0,1.0,0.0,0.0,1.0,0.0,0.0,0.0,0.0,0.0,0.0,0.0,0.0,1.0,-1.0,0.0,0.0,0.0,1.0,-1.0,0.0,Non-Deletion
65,ACH-000905,-0.36678082,0.0,0.0,0.0,0.0,-1.0,0.0,-1.0,0.0,1.0,0.0,-1.0,-1.0,1.0,1.0,-1.0,0.0,1.0,1.0,-1.0,-1.0,1.0,1.0,0.0,0.0,1.0,0.0,0.0,-1.0,-1.0,-1.0,1.0,0.0,0.0,0.0,0.0,1.0,1.0,0.0,0.0,Deletion
66,ACH-000903,-0.067542692,1.0,0.0,0.0,0.0,0.0,0.0,0.0,0.0,0.0,0.0,0.0,0.0,1.0,1.0,0.0,0.0,0.0,0.0,0.0,0.0,0.0,0.0,0.0,0.0,0.0,1.0,0.0,0.0,0.0,0.0,0.0,1.0,1.0,1.0,1.0,0.0,0.0,0.0,0.0,Non-Deletion
67,ACH-000901,0.067169091,0.0,0.0,0.0,1.0,0.0,0.0,0.0,0.0,1.0,1.0,1.0,1.0,0.0,1.0,-1.0,1.0,0.0,0.0,0.0,0.0,0.0,0.0,1.0,0.0,-1.0,1.0,0.0,0.0,0.0,1.0,1.0,1.0,-1.0,1.0,-1.0,1.0,1.0,0.0,0.0,Non-Deletion
68,ACH-000900,-0.318645318,0.0,-1.0,0.0,0.0,-1.0,0.0,-1.0,-1.0,1.0,-1.0,0.0,-1.0,0.0,0.0,-1.0,-1.0,-1.0,-1.0,-1.0,-1.0,-1.0,-1.0,1.0,0.0,-1.0,0.0,-1.0,-1.0,-1.0,0.0,0.0,0.0,-1.0,-1.0,-1.0,-1.0,1.0,-1.0,-1.0,Non-Deletion
69,ACH-000899,-0.590434111,0.0,1.0,0.0,1.0,0.0,0.0,0.0,0.0,1.0,0.0,0.0,0.0,1.0,1.0,0.0,0.0,-1.0,0.0,0.0,0.0,1.0,-1.0,0.0,0.0,1.0,0.0,1.0,1.0,0.0,0.0,0.0,1.0,1.0,0.0,0.0,1.0,1.0,1.0,0.0,Non-Deletion
70,ACH-000898,0.069159592,0.0,0.0,1.0,0.0,0.0,0.0,0.0,0.0,0.0,0.0,0.0,0.0,1.0,1.0,0.0,0.0,0.0,0.0,0.0,0.0,0.0,0.0,0.0,0.0,1.0,1.0,0.0,1.0,1.0,0.0,0.0,0.0,0.0,0.0,1.0,1.0,1.0,0.0,0.0,Non-Deletion
71,ACH-000897,-0.766940171,1.0,0.0,0.0,0.0,0.0,1.0,0.0,0.0,1.0,0.0,1.0,1.0,1.0,1.0,0.0,0.0,1.0,1.0,0.0,0.0,0.0,0.0,0.0,0.0,0.0,0.0,0.0,0.0,0.0,1.0,0.0,0.0,0.0,1.0,1.0,1.0,1.0,0.0,1.0,Non-Deletion
72,ACH-000896,-0.280567051,0.0,0.0,-1.0,-1.0,-1.0,0.0,-1.0,-1.0,1.0,-1.0,1.0,-1.0,1.0,-1.0,-1.0,-1.0,-1.0,-1.0,-1.0,-1.0,0.0,0.0,0.0,0.0,0.0,-1.0,-1.0,-1.0,0.0,-1.0,-1.0,0.0,-1.0,-1.0,-1.0,1.0,0.0,-1.0,-1.0,Deletion
73,ACH-000895,-0.822089796,0.0,0.0,0.0,0.0,0.0,0.0,0.0,0.0,0.0,0.0,0.0,0.0,0.0,0.0,0.0,0.0,0.0,0.0,0.0,0.0,0.0,0.0,0.0,0.0,0.0,-1.0,0.0,0.0,0.0,0.0,0.0,0.0,0.0,0.0,0.0,0.0,0.0,0.0,0.0,Non-Deletion
74,ACH-000893,-0.712661742,-1.0,0.0,1.0,0.0,-1.0,1.0,0.0,-1.0,1.0,-1.0,-1.0,-1.0,1.0,1.0,-1.0,0.0,-1.0,0.0,1.0,-1.0,0.0,0.0,-1.0,0.0,-1.0,-1.0,-1.0,0.0,0.0,0.0,-1.0,1.0,-1.0,-1.0,0.0,0.0,0.0,-1.0,0.0,Non-Deletion
75,ACH-000892,0.187423737,-1.0,0.0,0.0,0.0,0.0,0.0,0.0,-1.0,0.0,0.0,-1.0,-1.0,1.0,-1.0,-1.0,1.0,0.0,-1.0,-1.0,-1.0,0.0,0.0,-1.0,-1.0,-1.0,1.0,-1.0,1.0,-1.0,-1.0,1.0,-1.0,-1.0,0.0,0.0,1.0,1.0,0.0,0.0,Deletion
76,ACH-000890,-0.49286165,-1.0,-1.0,0.0,0.0,-1.0,0.0,0.0,-1.0,1.0,1.0,0.0,0.0,0.0,0.0,-1.0,-1.0,-1.0,1.0,0.0,-1.0,0.0,0.0,1.0,0.0,0.0,0.0,0.0,-1.0,-1.0,0.0,0.0,-1.0,-1.0,0.0,-1.0,1.0,1.0,-1.0,-1.0,Non-Deletion
77,ACH-000888,-0.051037057,0.0,0.0,1.0,1.0,1.0,1.0,0.0,0.0,1.0,1.0,0.0,0.0,1.0,0.0,1.0,1.0,0.0,1.0,0.0,0.0,0.0,0.0,-1.0,0.0,0.0,1.0,0.0,-1.0,1.0,0.0,0.0,-1.0,-1.0,0.0,1.0,-1.0,1.0,0.0,0.0,Non-Deletion
78,ACH-000886,-0.143547241,0.0,0.0,1.0,1.0,0.0,0.0,1.0,0.0,1.0,0.0,0.0,0.0,0.0,0.0,-1.0,1.0,0.0,1.0,0.0,0.0,0.0,0.0,0.0,0.0,0.0,0.0,0.0,0.0,0.0,0.0,1.0,0.0,-1.0,0.0,0.0,0.0,0.0,0.0,0.0,Non-Deletion
79,ACH-000885,-0.724908986,0.0,0.0,0.0,0.0,0.0,0.0,0.0,0.0,0.0,0.0,0.0,0.0,0.0,0.0,0.0,0.0,0.0,0.0,1.0,1.0,0.0,0.0,0.0,0.0,0.0,0.0,0.0,0.0,0.0,0.0,0.0,0.0,0.0,0.0,0.0,0.0,0.0,0.0,0.0,Non-Deletion
80,ACH-000884,-0.149109626,-1.0,-1.0,0.0,0.0,-1.0,1.0,-1.0,-1.0,0.0,-1.0,0.0,-1.0,0.0,0.0,0.0,0.0,0.0,0.0,0.0,-1.0,0.0,0.0,-1.0,-1.0,-1.0,-1.0,0.0,0.0,-1.0,-1.0,-1.0,0.0,-1.0,-1.0,-1.0,0.0,1.0,-1.0,0.0,Deletion
81,ACH-000882,-0.341064418,0.0,0.0,1.0,0.0,0.0,0.0,0.0,0.0,1.0,1.0,0.0,0.0,0.0,1.0,0.0,0.0,0.0,-1.0,-1.0,-1.0,0.0,-1.0,1.0,1.0,1.0,0.0,0.0,0.0,0.0,1.0,0.0,0.0,-1.0,-1.0,0.0,1.0,1.0,-1.0,1.0,Non-Deletion
82,ACH-000881,-0.310137009,0.0,0.0,0.0,0.0,1.0,1.0,0.0,0.0,0.0,1.0,0.0,0.0,1.0,0.0,-1.0,0.0,-1.0,0.0,0.0,0.0,0.0,0.0,0.0,0.0,0.0,-1.0,0.0,0.0,0.0,0.0,1.0,0.0,0.0,0.0,0.0,1.0,1.0,0.0,1.0,Non-Deletion
83,ACH-000880,-0.24332221,0.0,1.0,0.0,0.0,0.0,0.0,0.0,0.0,0.0,0.0,0.0,0.0,0.0,0.0,0.0,0.0,0.0,0.0,0.0,0.0,0.0,0.0,0.0,0.0,0.0,1.0,0.0,0.0,0.0,0.0,0.0,0.0,-1.0,0.0,1.0,1.0,1.0,0.0,0.0,Non-Deletion
84,ACH-000879,0.344205854,0.0,0.0,0.0,0.0,0.0,0.0,0.0,0.0,0.0,0.0,0.0,0.0,0.0,0.0,0.0,0.0,0.0,0.0,0.0,0.0,0.0,0.0,0.0,0.0,0.0,0.0,0.0,0.0,0.0,0.0,0.0,0.0,0.0,0.0,0.0,0.0,0.0,0.0,0.0,Non-Deletion
85,ACH-000878,-0.404731937,0.0,0.0,0.0,0.0,-1.0,-1.0,0.0,-1.0,0.0,0.0,0.0,0.0,0.0,0.0,-1.0,0.0,-1.0,0.0,0.0,0.0,0.0,0.0,0.0,0.0,-1.0,0.0,0.0,0.0,0.0,-1.0,-1.0,-1.0,-1.0,-1.0,0.0,-1.0,-1.0,0.0,-1.0,Deletion
86,ACH-000875,-0.323857727,-1.0,1.0,0.0,0.0,0.0,0.0,0.0,0.0,1.0,1.0,0.0,-1.0,0.0,0.0,0.0,0.0,-1.0,0.0,0.0,0.0,0.0,0.0,0.0,0.0,0.0,1.0,0.0,-1.0,-1.0,-1.0,0.0,0.0,0.0,0.0,0.0,0.0,0.0,0.0,0.0,Deletion
87,ACH-000873,-0.381766111,1.0,0.0,0.0,0.0,0.0,1.0,0.0,0.0,1.0,1.0,0.0,0.0,1.0,0.0,0.0,1.0,0.0,0.0,0.0,0.0,0.0,0.0,1.0,0.0,1.0,1.0,0.0,0.0,0.0,0.0,0.0,1.0,0.0,0.0,0.0,1.0,1.0,0.0,0.0,Non-Deletion
88,ACH-000869,-0.336518411,0.0,-1.0,0.0,-1.0,-1.0,0.0,0.0,-1.0,1.0,-1.0,-1.0,0.0,1.0,-1.0,-1.0,1.0,-1.0,-1.0,-1.0,-1.0,-1.0,0.0,-1.0,0.0,-1.0,0.0,-1.0,-1.0,0.0,-1.0,-1.0,-1.0,-1.0,-1.0,0.0,-1.0,1.0,-1.0,-1.0,Deletion
89,ACH-000868,-0.282411904,0.0,0.0,1.0,0.0,-1.0,0.0,0.0,0.0,1.0,0.0,0.0,-1.0,1.0,1.0,-1.0,1.0,0.0,0.0,1.0,-1.0,-1.0,1.0,1.0,0.0,0.0,0.0,-1.0,-1.0,-1.0,0.0,0.0,0.0,-1.0,-1.0,0.0,0.0,0.0,0.0,-1.0,Non-Deletion
90,ACH-000866,-0.517275653,0.0,1.0,0.0,0.0,0.0,0.0,0.0,0.0,0.0,0.0,0.0,0.0,0.0,0.0,0.0,0.0,0.0,0.0,0.0,0.0,0.0,0.0,0.0,0.0,0.0,0.0,0.0,-1.0,-1.0,0.0,0.0,0.0,0.0,0.0,0.0,0.0,0.0,0.0,0.0,Non-Deletion
91,ACH-000863,-0.288636875,-1.0,-1.0,-1.0,-1.0,-1.0,0.0,1.0,-1.0,0.0,0.0,-1.0,-1.0,1.0,1.0,-1.0,-1.0,-1.0,1.0,-1.0,0.0,0.0,-1.0,0.0,0.0,1.0,-1.0,1.0,-1.0,-1.0,0.0,0.0,-1.0,-1.0,0.0,0.0,1.0,1.0,1.0,0.0,Non-Deletion
92,ACH-000862,-0.285940457,-1.0,0.0,0.0,0.0,-1.0,0.0,0.0,-1.0,0.0,0.0,0.0,-1.0,0.0,0.0,0.0,-1.0,-1.0,0.0,-1.0,-1.0,0.0,0.0,0.0,0.0,-1.0,1.0,0.0,0.0,0.0,-1.0,0.0,0.0,0.0,-1.0,-1.0,0.0,0.0,0.0,-1.0,Deletion
93,ACH-000860,0.15363821,1.0,0.0,1.0,1.0,0.0,0.0,1.0,1.0,1.0,0.0,0.0,-1.0,0.0,0.0,-1.0,1.0,0.0,0.0,-1.0,-1.0,-1.0,1.0,-1.0,0.0,0.0,1.0,1.0,0.0,1.0,1.0,1.0,1.0,-1.0,-1.0,0.0,1.0,1.0,0.0,0.0,Non-Deletion
94,ACH-000858,0.181088502,-1.0,0.0,-1.0,-1.0,-1.0,0.0,-1.0,-1.0,1.0,-1.0,-1.0,0.0,1.0,-1.0,-1.0,-1.0,-1.0,-1.0,0.0,0.0,0.0,0.0,0.0,0.0,-1.0,0.0,0.0,0.0,0.0,-1.0,0.0,-1.0,-1.0,-1.0,-1.0,0.0,1.0,-1.0,-1.0,Deletion
95,ACH-000856,-0.685030194,0.0,0.0,0.0,0.0,0.0,0.0,0.0,0.0,0.0,0.0,0.0,0.0,0.0,0.0,0.0,0.0,0.0,0.0,0.0,0.0,0.0,0.0,0.0,0.0,0.0,0.0,0.0,0.0,0.0,0.0,0.0,0.0,0.0,0.0,0.0,0.0,0.0,0.0,0.0,Non-Deletion
96,ACH-000855,-0.193791515,0.0,0.0,0.0,0.0,-1.0,0.0,-1.0,-1.0,0.0,0.0,-1.0,0.0,1.0,0.0,-1.0,0.0,-1.0,1.0,0.0,0.0,0.0,1.0,1.0,0.0,0.0,0.0,0.0,0.0,1.0,1.0,0.0,0.0,-1.0,0.0,0.0,0.0,1.0,0.0,0.0,Non-Deletion
97,ACH-000853,-0.028467884,0.0,1.0,0.0,1.0,0.0,0.0,0.0,0.0,1.0,0.0,1.0,0.0,1.0,1.0,0.0,1.0,0.0,0.0,0.0,0.0,0.0,0.0,0.0,1.0,0.0,1.0,0.0,0.0,0.0,0.0,0.0,1.0,0.0,0.0,0.0,0.0,1.0,1.0,0.0,Non-Deletion
98,ACH-000852,-0.004103427,0.0,0.0,0.0,0.0,-1.0,-1.0,0.0,-1.0,1.0,-1.0,0.0,-1.0,0.0,0.0,-1.0,1.0,-1.0,0.0,0.0,0.0,0.0,-1.0,0.0,0.0,1.0,0.0,0.0,-1.0,0.0,-1.0,0.0,-1.0,-1.0,-1.0,-1.0,0.0,0.0,0.0,-1.0,Deletion
99,ACH-000849,-0.592211449,0.0,0.0,0.0,0.0,-1.0,0.0,-1.0,-1.0,0.0,0.0,0.0,-1.0,0.0,-1.0,-1.0,-1.0,0.0,0.0,-1.0,-1.0,-1.0,0.0,-1.0,-1.0,-1.0,-1.0,-1.0,-1.0,0.0,-1.0,-1.0,1.0,-1.0,-1.0,0.0,0.0,0.0,0.0,-1.0,Deletion
100,ACH-000848,-0.09823267,0.0,0.0,1.0,0.0,-1.0,0.0,-1.0,-1.0,1.0,0.0,0.0,0.0,0.0,1.0,-1.0,-1.0,-1.0,0.0,-1.0,0.0,0.0,0.0,0.0,1.0,-1.0,-1.0,0.0,0.0,0.0,0.0,0.0,0.0,-1.0,-1.0,0.0,0.0,1.0,-1.0,1.0,Non-Deletion
101,ACH-000847,-0.376669062,0.0,1.0,1.0,0.0,-1.0,-1.0,-1.0,0.0,1.0,0.0,0.0,-1.0,1.0,0.0,0.0,0.0,1.0,1.0,1.0,0.0,0.0,0.0,0.0,-1.0,0.0,1.0,0.0,0.0,0.0,0.0,0.0,0.0,0.0,1.0,-1.0,0.0,0.0,0.0,0.0,Non-Deletion
102,ACH-000846,-0.039701068,0.0,0.0,-1.0,-1.0,-1.0,0.0,-1.0,-1.0,1.0,0.0,0.0,0.0,0.0,0.0,-1.0,0.0,-1.0,-1.0,-1.0,0.0,-1.0,-1.0,0.0,-1.0,0.0,0.0,-1.0,0.0,0.0,0.0,0.0,0.0,-1.0,-1.0,-1.0,-1.0,0.0,-1.0,-1.0,Non-Deletion
103,ACH-000845,0.003892366,-1.0,0.0,1.0,0.0,-1.0,1.0,1.0,0.0,1.0,0.0,0.0,-1.0,-1.0,1.0,-1.0,0.0,0.0,1.0,-1.0,0.0,0.0,0.0,-1.0,0.0,-1.0,0.0,0.0,-1.0,-1.0,-1.0,0.0,-1.0,-1.0,-1.0,-1.0,-1.0,-1.0,-1.0,-1.0,Deletion
104,ACH-000843,-0.32402817,-1.0,0.0,0.0,0.0,-1.0,1.0,-1.0,-1.0,1.0,-1.0,-1.0,-1.0,0.0,1.0,-1.0,0.0,-1.0,0.0,0.0,0.0,-1.0,-1.0,-1.0,0.0,-1.0,0.0,1.0,0.0,1.0,0.0,0.0,1.0,-1.0,0.0,-1.0,0.0,0.0,-1.0,-1.0,Non-Deletion
105,ACH-000842,-0.688910925,-1.0,-1.0,0.0,0.0,-1.0,0.0,-1.0,-1.0,-1.0,0.0,-1.0,-1.0,1.0,0.0,-1.0,-1.0,-1.0,0.0,-1.0,-1.0,0.0,0.0,0.0,-1.0,0.0,-1.0,-1.0,-1.0,-1.0,0.0,0.0,0.0,-1.0,-1.0,-1.0,0.0,1.0,0.0,-1.0,Non-Deletion
106,ACH-000841,-0.394660149,0.0,0.0,0.0,0.0,-1.0,0.0,0.0,-1.0,1.0,1.0,-1.0,-1.0,0.0,0.0,-1.0,1.0,-1.0,-1.0,-1.0,0.0,-1.0,0.0,-1.0,0.0,-1.0,0.0,-1.0,0.0,0.0,1.0,-1.0,-1.0,-1.0,-1.0,-1.0,-1.0,-1.0,0.0,-1.0,Non-Deletion
107,ACH-000840,-0.278501294,1.0,0.0,1.0,0.0,0.0,1.0,1.0,0.0,0.0,0.0,0.0,0.0,1.0,1.0,-1.0,0.0,0.0,0.0,-1.0,1.0,1.0,1.0,0.0,0.0,1.0,0.0,0.0,0.0,0.0,1.0,0.0,1.0,0.0,0.0,1.0,0.0,1.0,0.0,0.0,Non-Deletion
108,ACH-000839,-0.029719616,0.0,1.0,-1.0,0.0,-1.0,1.0,-1.0,-1.0,1.0,0.0,0.0,0.0,1.0,0.0,-1.0,1.0,1.0,0.0,-1.0,0.0,0.0,1.0,1.0,0.0,0.0,0.0,0.0,0.0,1.0,-1.0,0.0,0.0,0.0,0.0,0.0,1.0,1.0,-1.0,0.0,Deletion
109,ACH-000837,-0.252557209,0.0,1.0,1.0,0.0,0.0,0.0,1.0,0.0,1.0,0.0,0.0,0.0,0.0,-1.0,-1.0,0.0,0.0,0.0,-1.0,0.0,0.0,1.0,1.0,0.0,0.0,1.0,1.0,0.0,1.0,0.0,0.0,0.0,0.0,0.0,0.0,-1.0,1.0,0.0,0.0,Non-Deletion
110,ACH-000836,-0.442748056,0.0,0.0,0.0,0.0,-1.0,1.0,-1.0,-1.0,1.0,0.0,0.0,-1.0,0.0,0.0,-1.0,1.0,-1.0,0.0,-1.0,0.0,0.0,1.0,0.0,0.0,0.0,0.0,0.0,0.0,0.0,1.0,0.0,1.0,-1.0,-1.0,-1.0,1.0,1.0,0.0,0.0,Non-Deletion
111,ACH-000835,-0.08581034,0.0,-1.0,0.0,0.0,0.0,0.0,-1.0,-1.0,0.0,0.0,1.0,0.0,0.0,-1.0,0.0,0.0,-1.0,-1.0,0.0,0.0,1.0,1.0,0.0,0.0,-1.0,0.0,0.0,0.0,0.0,0.0,0.0,-1.0,-1.0,0.0,-1.0,0.0,1.0,-1.0,-1.0,Non-Deletion
112,ACH-000834,-1.096137181,-1.0,0.0,-1.0,0.0,-1.0,0.0,0.0,-1.0,0.0,0.0,-1.0,-1.0,0.0,0.0,-1.0,1.0,-1.0,0.0,0.0,0.0,0.0,0.0,-1.0,-1.0,0.0,0.0,0.0,-1.0,1.0,-1.0,0.0,-1.0,-1.0,0.0,0.0,1.0,1.0,1.0,1.0,Deletion
113,ACH-000833,-0.562097996,1.0,-1.0,0.0,-1.0,-1.0,-1.0,0.0,-1.0,-1.0,0.0,-1.0,-1.0,-1.0,0.0,-1.0,-1.0,-1.0,-1.0,-1.0,-1.0,1.0,-1.0,1.0,-1.0,-1.0,0.0,0.0,-1.0,-1.0,1.0,1.0,-1.0,-1.0,-1.0,0.0,0.0,-1.0,-1.0,0.0,Non-Deletion
114,ACH-000832,-0.128921048,0.0,0.0,0.0,0.0,-1.0,0.0,-1.0,-1.0,0.0,0.0,0.0,0.0,1.0,0.0,-1.0,0.0,0.0,1.0,-1.0,0.0,0.0,0.0,0.0,0.0,0.0,0.0,0.0,0.0,0.0,0.0,0.0,0.0,-1.0,0.0,0.0,0.0,0.0,0.0,0.0,Non-Deletion
115,ACH-000827,-0.044826513,0.0,1.0,0.0,1.0,0.0,0.0,0.0,0.0,0.0,0.0,0.0,0.0,1.0,1.0,1.0,1.0,0.0,0.0,0.0,0.0,0.0,0.0,0.0,0.0,0.0,0.0,0.0,0.0,0.0,0.0,0.0,0.0,0.0,0.0,0.0,0.0,1.0,0.0,0.0,Non-Deletion
116,ACH-000826,-0.163037193,-1.0,-1.0,0.0,-1.0,-1.0,0.0,-1.0,-1.0,1.0,-1.0,-1.0,-1.0,0.0,-1.0,0.0,0.0,-1.0,-1.0,0.0,0.0,-1.0,0.0,-1.0,0.0,0.0,1.0,0.0,-1.0,0.0,-1.0,-1.0,-1.0,-1.0,-1.0,-1.0,1.0,1.0,1.0,-1.0,Deletion
117,ACH-000824,-0.377041135,0.0,1.0,-1.0,0.0,-1.0,0.0,-1.0,-1.0,1.0,0.0,0.0,1.0,-1.0,-1.0,0.0,-1.0,-1.0,0.0,-1.0,-1.0,-1.0,-1.0,0.0,0.0,-1.0,0.0,-1.0,0.0,0.0,0.0,-1.0,-1.0,-1.0,-1.0,0.0,-1.0,1.0,-1.0,0.0,Non-Deletion
118,ACH-000823,0.045994567,0.0,0.0,-1.0,-1.0,-1.0,0.0,-1.0,-1.0,1.0,0.0,0.0,-1.0,1.0,1.0,-1.0,0.0,0.0,-1.0,1.0,0.0,-1.0,0.0,1.0,-1.0,0.0,1.0,-1.0,0.0,0.0,0.0,0.0,0.0,-1.0,0.0,0.0,-1.0,-1.0,-1.0,0.0,Non-Deletion
119,ACH-000822,0.111445602,0.0,0.0,0.0,0.0,-1.0,0.0,0.0,0.0,1.0,0.0,0.0,0.0,0.0,1.0,0.0,0.0,-1.0,-1.0,-1.0,-1.0,0.0,0.0,0.0,0.0,0.0,0.0,0.0,0.0,0.0,0.0,0.0,-1.0,0.0,0.0,0.0,0.0,0.0,0.0,0.0,Non-Deletion
120,ACH-000819,0.031175336,0.0,-1.0,0.0,-1.0,0.0,-1.0,0.0,-1.0,-1.0,0.0,0.0,-1.0,0.0,1.0,-1.0,-1.0,-1.0,-1.0,-1.0,0.0,0.0,0.0,-1.0,0.0,-1.0,0.0,-1.0,-1.0,1.0,0.0,0.0,1.0,-1.0,-1.0,-1.0,0.0,1.0,-1.0,0.0,Non-Deletion
121,ACH-000813,-0.080039142,0.0,0.0,0.0,0.0,-1.0,0.0,0.0,0.0,-1.0,0.0,0.0,-1.0,0.0,0.0,0.0,0.0,0.0,0.0,0.0,0.0,0.0,0.0,0.0,-1.0,0.0,1.0,0.0,0.0,0.0,-1.0,0.0,0.0,0.0,0.0,0.0,0.0,0.0,0.0,-1.0,Deletion
122,ACH-000812,-0.32727485,0.0,0.0,-1.0,0.0,0.0,0.0,-1.0,-1.0,-1.0,-1.0,-1.0,-1.0,0.0,1.0,1.0,0.0,-1.0,-1.0,-1.0,-1.0,0.0,0.0,0.0,1.0,0.0,-1.0,0.0,-1.0,-1.0,0.0,0.0,0.0,0.0,0.0,0.0,0.0,1.0,1.0,0.0,Non-Deletion
123,ACH-000811,-0.770472658,0.0,0.0,0.0,0.0,0.0,0.0,0.0,0.0,0.0,0.0,0.0,0.0,-1.0,-1.0,0.0,0.0,-1.0,0.0,0.0,0.0,0.0,0.0,-1.0,0.0,0.0,0.0,0.0,0.0,0.0,-1.0,0.0,0.0,0.0,0.0,0.0,0.0,0.0,0.0,0.0,Deletion
124,ACH-000810,-0.01930041,1.0,0.0,0.0,0.0,0.0,0.0,-1.0,-1.0,0.0,0.0,0.0,-1.0,-1.0,0.0,0.0,0.0,-1.0,-1.0,0.0,0.0,-1.0,-1.0,0.0,0.0,-1.0,0.0,0.0,-1.0,-1.0,-1.0,0.0,-1.0,-1.0,0.0,-1.0,1.0,1.0,0.0,0.0,Deletion
125,ACH-000809,-0.156141384,0.0,0.0,0.0,0.0,0.0,1.0,-1.0,0.0,0.0,0.0,0.0,1.0,1.0,0.0,0.0,1.0,0.0,0.0,0.0,0.0,0.0,0.0,1.0,1.0,0.0,0.0,0.0,0.0,0.0,0.0,0.0,1.0,0.0,-1.0,1.0,0.0,1.0,0.0,0.0,Non-Deletion
126,ACH-000808,-0.211389275,1.0,1.0,0.0,0.0,1.0,1.0,0.0,0.0,1.0,1.0,0.0,0.0,0.0,0.0,-1.0,1.0,0.0,0.0,0.0,0.0,0.0,0.0,0.0,0.0,0.0,0.0,0.0,0.0,0.0,0.0,0.0,1.0,1.0,1.0,1.0,1.0,1.0,0.0,0.0,Non-Deletion
127,ACH-000805,-0.485194289,0.0,0.0,0.0,0.0,0.0,0.0,0.0,0.0,0.0,0.0,0.0,0.0,1.0,1.0,0.0,0.0,-1.0,0.0,-1.0,0.0,0.0,0.0,1.0,0.0,0.0,0.0,-1.0,0.0,0.0,0.0,0.0,0.0,0.0,0.0,-1.0,0.0,1.0,0.0,1.0,Non-Deletion
128,ACH-000804,-0.02238353,-1.0,1.0,0.0,0.0,0.0,0.0,0.0,0.0,0.0,0.0,0.0,0.0,0.0,0.0,0.0,0.0,0.0,0.0,0.0,0.0,0.0,0.0,0.0,0.0,0.0,0.0,0.0,0.0,-1.0,0.0,0.0,-1.0,-1.0,0.0,-1.0,0.0,0.0,0.0,0.0,Non-Deletion
129,ACH-000803,-0.841985579,1.0,0.0,0.0,0.0,0.0,-1.0,0.0,0.0,1.0,-1.0,-1.0,-1.0,1.0,0.0,0.0,-1.0,0.0,0.0,-1.0,-1.0,0.0,-1.0,0.0,1.0,1.0,1.0,0.0,0.0,0.0,-1.0,-1.0,1.0,1.0,-1.0,-1.0,0.0,0.0,1.0,1.0,Deletion
130,ACH-000802,-0.354746425,0.0,0.0,0.0,0.0,-1.0,-1.0,0.0,-1.0,0.0,-1.0,0.0,0.0,0.0,0.0,-1.0,1.0,-1.0,0.0,-1.0,0.0,-1.0,-1.0,0.0,0.0,-1.0,0.0,0.0,-1.0,1.0,-1.0,-1.0,1.0,-1.0,0.0,-1.0,0.0,0.0,-1.0,-1.0,Deletion
131,ACH-000800,-0.110429191,1.0,1.0,0.0,0.0,-1.0,1.0,0.0,0.0,1.0,0.0,1.0,0.0,1.0,0.0,0.0,1.0,1.0,-1.0,0.0,-1.0,1.0,1.0,0.0,0.0,-1.0,0.0,-1.0,-1.0,-1.0,0.0,0.0,0.0,0.0,1.0,1.0,0.0,0.0,1.0,0.0,Non-Deletion
132,ACH-000796,-0.380835096,0.0,0.0,0.0,0.0,0.0,0.0,0.0,0.0,0.0,0.0,0.0,0.0,0.0,0.0,0.0,0.0,0.0,0.0,-1.0,0.0,0.0,0.0,0.0,0.0,0.0,0.0,0.0,-1.0,0.0,0.0,0.0,1.0,-1.0,-1.0,-1.0,0.0,0.0,0.0,0.0,Non-Deletion
133,ACH-000792,-0.333426948,0.0,0.0,0.0,0.0,0.0,0.0,0.0,-1.0,0.0,0.0,0.0,0.0,1.0,0.0,-1.0,1.0,0.0,0.0,0.0,0.0,0.0,-1.0,0.0,0.0,0.0,-1.0,0.0,0.0,0.0,0.0,0.0,-1.0,-1.0,0.0,0.0,0.0,0.0,0.0,0.0,Non-Deletion
135,ACH-000788,-0.13713813,0.0,1.0,0.0,0.0,0.0,0.0,0.0,0.0,1.0,0.0,0.0,0.0,1.0,1.0,0.0,1.0,0.0,0.0,0.0,0.0,0.0,0.0,0.0,0.0,1.0,0.0,0.0,0.0,0.0,1.0,1.0,0.0,0.0,0.0,0.0,0.0,0.0,0.0,0.0,Non-Deletion
136,ACH-000787,-0.241035864,-1.0,0.0,-1.0,0.0,0.0,0.0,-1.0,-1.0,1.0,0.0,0.0,0.0,1.0,0.0,0.0,1.0,1.0,1.0,0.0,0.0,0.0,1.0,0.0,0.0,-1.0,0.0,-1.0,0.0,0.0,0.0,1.0,-1.0,-1.0,0.0,-1.0,0.0,-1.0,0.0,0.0,Non-Deletion
137,ACH-000785,-0.359841523,0.0,0.0,1.0,0.0,-1.0,0.0,0.0,0.0,1.0,0.0,0.0,-1.0,1.0,1.0,-1.0,1.0,-1.0,0.0,0.0,0.0,0.0,1.0,0.0,1.0,1.0,1.0,0.0,0.0,0.0,0.0,1.0,1.0,-1.0,0.0,0.0,1.0,1.0,0.0,0.0,Non-Deletion
138,ACH-000784,-0.275977117,-1.0,0.0,-1.0,-1.0,-1.0,0.0,-1.0,-1.0,1.0,-1.0,-1.0,-1.0,1.0,0.0,0.0,-1.0,0.0,0.0,-1.0,0.0,1.0,0.0,0.0,0.0,-1.0,0.0,-1.0,-1.0,-1.0,0.0,-1.0,0.0,-1.0,-1.0,-1.0,0.0,0.0,-1.0,0.0,Non-Deletion
139,ACH-000783,-0.50646272,-1.0,1.0,0.0,0.0,-1.0,0.0,0.0,0.0,0.0,0.0,0.0,-1.0,0.0,0.0,-1.0,0.0,0.0,0.0,0.0,0.0,0.0,-1.0,-1.0,0.0,0.0,0.0,-1.0,0.0,0.0,-1.0,0.0,-1.0,-1.0,0.0,0.0,0.0,0.0,0.0,0.0,Deletion
140,ACH-000781,-0.316146462,0.0,0.0,0.0,0.0,-1.0,0.0,-1.0,0.0,0.0,-1.0,-1.0,-1.0,1.0,0.0,-1.0,1.0,-1.0,0.0,-1.0,0.0,-1.0,-1.0,0.0,0.0,-1.0,-1.0,-1.0,0.0,0.0,-1.0,0.0,-1.0,-1.0,-1.0,1.0,0.0,0.0,0.0,-1.0,Deletion
141,ACH-000778,-1.25789339,0.0,0.0,0.0,-1.0,-1.0,0.0,-1.0,-1.0,1.0,0.0,0.0,-1.0,0.0,-1.0,-1.0,0.0,0.0,0.0,0.0,0.0,1.0,-1.0,0.0,0.0,0.0,1.0,-1.0,-1.0,-1.0,0.0,0.0,0.0,-1.0,-1.0,-1.0,0.0,0.0,-1.0,-1.0,Non-Deletion
142,ACH-000777,-0.354265423,1.0,0.0,0.0,0.0,-1.0,0.0,0.0,-1.0,0.0,0.0,0.0,0.0,1.0,0.0,0.0,1.0,-1.0,0.0,-1.0,0.0,0.0,-1.0,1.0,0.0,0.0,0.0,0.0,0.0,0.0,1.0,0.0,1.0,-1.0,0.0,1.0,1.0,0.0,0.0,-1.0,Non-Deletion
143,ACH-000776,-0.165705346,0.0,1.0,-1.0,-1.0,-1.0,0.0,-1.0,-1.0,0.0,0.0,0.0,-1.0,0.0,1.0,0.0,1.0,0.0,0.0,-1.0,-1.0,0.0,-1.0,-1.0,-1.0,-1.0,-1.0,-1.0,-1.0,0.0,-1.0,0.0,-1.0,-1.0,0.0,-1.0,1.0,1.0,-1.0,-1.0,Deletion
144,ACH-000775,0.025419038,-1.0,0.0,0.0,0.0,-1.0,-1.0,0.0,-1.0,-1.0,-1.0,-1.0,-1.0,-1.0,0.0,-1.0,0.0,-1.0,0.0,-1.0,-1.0,0.0,1.0,0.0,1.0,-1.0,0.0,-1.0,0.0,0.0,0.0,-1.0,0.0,-1.0,1.0,0.0,1.0,0.0,-1.0,-1.0,Non-Deletion
145,ACH-000774,0.168674213,-1.0,-1.0,-1.0,0.0,-1.0,-1.0,0.0,-1.0,0.0,0.0,-1.0,1.0,1.0,-1.0,0.0,1.0,-1.0,-1.0,-1.0,-1.0,1.0,1.0,0.0,-1.0,0.0,0.0,-1.0,-1.0,1.0,-1.0,0.0,1.0,-1.0,-1.0,0.0,1.0,1.0,1.0,1.0,Deletion
146,ACH-000771,-0.573639215,0.0,0.0,-1.0,0.0,-1.0,1.0,0.0,0.0,0.0,0.0,0.0,0.0,0.0,0.0,-1.0,1.0,0.0,0.0,0.0,0.0,0.0,0.0,0.0,0.0,0.0,0.0,0.0,0.0,0.0,0.0,0.0,0.0,0.0,0.0,0.0,1.0,1.0,0.0,0.0,Non-Deletion
147,ACH-000769,-0.042191663,0.0,0.0,0.0,0.0,0.0,0.0,0.0,0.0,1.0,0.0,0.0,0.0,0.0,0.0,0.0,1.0,0.0,0.0,0.0,0.0,0.0,0.0,0.0,0.0,0.0,0.0,0.0,0.0,0.0,0.0,1.0,0.0,0.0,0.0,0.0,0.0,0.0,0.0,0.0,Non-Deletion
148,ACH-000768,-0.04064037,0.0,0.0,0.0,-1.0,0.0,-1.0,0.0,0.0,1.0,0.0,1.0,-1.0,0.0,0.0,-1.0,-1.0,0.0,0.0,0.0,0.0,0.0,0.0,-1.0,-1.0,-1.0,0.0,-1.0,-1.0,-1.0,0.0,0.0,0.0,-1.0,0.0,0.0,0.0,1.0,-1.0,-1.0,Non-Deletion
149,ACH-000766,-0.315819712,0.0,0.0,0.0,0.0,0.0,1.0,0.0,0.0,1.0,0.0,0.0,0.0,1.0,1.0,0.0,1.0,-1.0,0.0,0.0,0.0,0.0,1.0,1.0,1.0,0.0,1.0,1.0,0.0,0.0,-1.0,1.0,0.0,-1.0,0.0,0.0,0.0,1.0,1.0,0.0,Deletion
150,ACH-000765,-0.50025265,0.0,-1.0,0.0,0.0,-1.0,0.0,-1.0,-1.0,0.0,0.0,0.0,-1.0,0.0,-1.0,0.0,1.0,-1.0,-1.0,-1.0,-1.0,-1.0,-1.0,0.0,-1.0,-1.0,-1.0,0.0,-1.0,-1.0,-1.0,0.0,0.0,-1.0,-1.0,-1.0,1.0,1.0,0.0,-1.0,Deletion
151,ACH-000764,-0.118336401,-1.0,-1.0,0.0,-1.0,-1.0,0.0,-1.0,-1.0,1.0,-1.0,0.0,0.0,0.0,0.0,-1.0,1.0,-1.0,0.0,1.0,-1.0,1.0,-1.0,1.0,-1.0,-1.0,-1.0,1.0,-1.0,-1.0,-1.0,0.0,1.0,-1.0,-1.0,0.0,1.0,1.0,0.0,0.0,Deletion
152,ACH-000762,-0.063289037,0.0,0.0,0.0,0.0,-1.0,0.0,-1.0,-1.0,0.0,1.0,0.0,0.0,1.0,0.0,0.0,1.0,0.0,0.0,0.0,0.0,-1.0,-1.0,1.0,0.0,-1.0,0.0,0.0,0.0,0.0,0.0,0.0,0.0,-1.0,0.0,0.0,0.0,1.0,-1.0,-1.0,Non-Deletion
153,ACH-000759,-0.359866382,-1.0,1.0,0.0,0.0,0.0,0.0,-1.0,0.0,0.0,0.0,0.0,0.0,1.0,0.0,0.0,1.0,0.0,0.0,0.0,0.0,0.0,-1.0,0.0,0.0,0.0,0.0,0.0,0.0,0.0,-1.0,0.0,-1.0,-1.0,0.0,0.0,1.0,1.0,1.0,0.0,Deletion
154,ACH-000758,-0.448086964,0.0,0.0,1.0,1.0,0.0,0.0,0.0,0.0,0.0,0.0,-1.0,0.0,1.0,0.0,-1.0,1.0,-1.0,0.0,0.0,1.0,0.0,1.0,0.0,0.0,0.0,0.0,1.0,0.0,0.0,0.0,0.0,-1.0,-1.0,-1.0,0.0,0.0,1.0,0.0,0.0,Non-Deletion
156,ACH-000753,-0.403435249,1.0,0.0,0.0,0.0,1.0,1.0,0.0,0.0,1.0,0.0,0.0,0.0,-1.0,-1.0,-1.0,0.0,1.0,1.0,0.0,0.0,0.0,0.0,1.0,0.0,0.0,0.0,-1.0,-1.0,0.0,-1.0,0.0,1.0,0.0,0.0,0.0,0.0,1.0,1.0,0.0,Deletion
157,ACH-000750,-0.295504001,0.0,0.0,1.0,1.0,0.0,0.0,-1.0,-1.0,0.0,0.0,1.0,0.0,0.0,0.0,-1.0,1.0,1.0,1.0,0.0,0.0,1.0,1.0,1.0,1.0,0.0,0.0,0.0,0.0,0.0,0.0,1.0,0.0,0.0,0.0,0.0,0.0,1.0,1.0,-1.0,Non-Deletion
158,ACH-000749,-0.810989231,0.0,0.0,0.0,0.0,-1.0,1.0,-1.0,-1.0,0.0,0.0,0.0,0.0,1.0,1.0,-1.0,-1.0,0.0,0.0,-1.0,-1.0,-1.0,-1.0,-1.0,-1.0,-1.0,0.0,-1.0,0.0,0.0,-1.0,0.0,0.0,0.0,0.0,0.0,0.0,0.0,0.0,-1.0,Deletion
159,ACH-000748,-0.401709891,0.0,0.0,0.0,0.0,0.0,0.0,-1.0,0.0,0.0,1.0,0.0,0.0,0.0,0.0,0.0,0.0,-1.0,0.0,0.0,0.0,0.0,-1.0,0.0,0.0,0.0,0.0,0.0,0.0,0.0,0.0,0.0,0.0,0.0,0.0,0.0,0.0,0.0,0.0,0.0,Non-Deletion
160,ACH-000747,-0.34760031,0.0,1.0,0.0,0.0,0.0,0.0,0.0,0.0,1.0,1.0,1.0,1.0,1.0,0.0,-1.0,0.0,-1.0,0.0,0.0,1.0,-1.0,0.0,1.0,0.0,0.0,0.0,0.0,0.0,0.0,1.0,1.0,1.0,1.0,0.0,0.0,0.0,0.0,0.0,1.0,Non-Deletion
161,ACH-000744,0.414820468,0.0,0.0,1.0,0.0,-1.0,0.0,-1.0,-1.0,0.0,-1.0,-1.0,-1.0,1.0,1.0,-1.0,1.0,-1.0,0.0,-1.0,-1.0,-1.0,0.0,1.0,0.0,-1.0,0.0,0.0,-1.0,0.0,-1.0,0.0,-1.0,-1.0,-1.0,1.0,0.0,0.0,0.0,0.0,Deletion
162,ACH-000738,-0.233408171,1.0,0.0,1.0,-1.0,0.0,0.0,-1.0,-1.0,0.0,0.0,0.0,-1.0,1.0,0.0,-1.0,0.0,-1.0,0.0,0.0,1.0,0.0,0.0,0.0,1.0,-1.0,0.0,0.0,0.0,-1.0,0.0,1.0,0.0,0.0,0.0,0.0,1.0,1.0,-1.0,1.0,Non-Deletion
163,ACH-000736,-0.34140731,0.0,0.0,0.0,0.0,0.0,1.0,-1.0,0.0,0.0,0.0,1.0,1.0,1.0,0.0,0.0,0.0,0.0,0.0,0.0,0.0,0.0,0.0,1.0,1.0,0.0,0.0,0.0,0.0,0.0,1.0,0.0,-1.0,-1.0,0.0,1.0,0.0,1.0,0.0,0.0,Non-Deletion
164,ACH-000735,-0.876459437,0.0,0.0,0.0,0.0,-1.0,1.0,0.0,0.0,1.0,0.0,0.0,0.0,0.0,-1.0,-1.0,1.0,0.0,0.0,-1.0,0.0,0.0,0.0,0.0,0.0,0.0,0.0,0.0,0.0,0.0,0.0,0.0,0.0,-1.0,0.0,0.0,0.0,1.0,0.0,0.0,Non-Deletion
165,ACH-000734,0.062496184,0.0,0.0,0.0,0.0,0.0,0.0,1.0,0.0,1.0,0.0,0.0,1.0,1.0,0.0,-1.0,1.0,0.0,0.0,0.0,-1.0,0.0,-1.0,0.0,0.0,1.0,0.0,0.0,0.0,0.0,0.0,0.0,0.0,-1.0,-1.0,1.0,0.0,1.0,-1.0,0.0,Non-Deletion
166,ACH-000733,-0.476659658,-1.0,0.0,0.0,-1.0,-1.0,0.0,-1.0,-1.0,1.0,-1.0,0.0,-1.0,1.0,1.0,-1.0,1.0,-1.0,-1.0,-1.0,-1.0,-1.0,0.0,0.0,0.0,0.0,0.0,0.0,-1.0,-1.0,0.0,1.0,0.0,-1.0,-1.0,-1.0,0.0,0.0,-1.0,-1.0,Non-Deletion
167,ACH-000732,0.216304789,0.0,0.0,0.0,0.0,-1.0,0.0,0.0,0.0,0.0,0.0,0.0,0.0,0.0,0.0,-1.0,1.0,-1.0,0.0,-1.0,0.0,0.0,0.0,0.0,0.0,0.0,0.0,0.0,0.0,0.0,0.0,0.0,1.0,-1.0,-1.0,0.0,0.0,0.0,0.0,-1.0,Non-Deletion
168,ACH-000730,-0.278815608,0.0,-1.0,1.0,-1.0,0.0,0.0,-1.0,-1.0,1.0,-1.0,0.0,0.0,1.0,1.0,-1.0,1.0,-1.0,0.0,-1.0,-1.0,0.0,-1.0,0.0,0.0,-1.0,-1.0,0.0,-1.0,-1.0,0.0,0.0,-1.0,-1.0,-1.0,-1.0,0.0,0.0,-1.0,1.0,Non-Deletion
170,ACH-000724,-0.494849947,0.0,0.0,0.0,-1.0,0.0,0.0,-1.0,-1.0,1.0,1.0,-1.0,0.0,0.0,0.0,-1.0,0.0,0.0,1.0,-1.0,-1.0,0.0,0.0,-1.0,0.0,1.0,-1.0,0.0,0.0,-1.0,-1.0,-1.0,-1.0,-1.0,-1.0,-1.0,0.0,1.0,-1.0,-1.0,Deletion
171,ACH-000723,-0.227334259,0.0,0.0,1.0,0.0,-1.0,1.0,-1.0,-1.0,0.0,0.0,0.0,0.0,1.0,0.0,-1.0,1.0,0.0,0.0,-1.0,1.0,1.0,0.0,1.0,0.0,1.0,0.0,1.0,0.0,0.0,0.0,0.0,1.0,-1.0,-1.0,-1.0,1.0,1.0,-1.0,0.0,Non-Deletion
172,ACH-000721,-0.382666041,-1.0,0.0,0.0,0.0,-1.0,1.0,-1.0,-1.0,1.0,-1.0,-1.0,-1.0,-1.0,-1.0,-1.0,1.0,-1.0,0.0,-1.0,-1.0,0.0,0.0,0.0,0.0,0.0,-1.0,-1.0,0.0,0.0,-1.0,1.0,0.0,0.0,-1.0,-1.0,-1.0,-1.0,-1.0,-1.0,Deletion
173,ACH-000720,-0.633656031,0.0,1.0,-1.0,-1.0,0.0,0.0,-1.0,-1.0,1.0,1.0,0.0,-1.0,1.0,1.0,0.0,0.0,0.0,0.0,0.0,1.0,0.0,0.0,0.0,0.0,1.0,0.0,0.0,1.0,1.0,0.0,0.0,-1.0,-1.0,0.0,0.0,1.0,1.0,0.0,0.0,Non-Deletion
174,ACH-000719,-0.584435641,0.0,0.0,1.0,0.0,0.0,0.0,0.0,0.0,0.0,0.0,0.0,0.0,0.0,-1.0,0.0,0.0,0.0,0.0,0.0,0.0,0.0,0.0,0.0,1.0,1.0,0.0,0.0,0.0,0.0,-1.0,0.0,0.0,0.0,0.0,1.0,0.0,0.0,0.0,0.0,Deletion
175,ACH-000717,-0.560257301,0.0,0.0,-1.0,0.0,-1.0,0.0,-1.0,-1.0,1.0,-1.0,0.0,0.0,1.0,-1.0,-1.0,1.0,-1.0,0.0,-1.0,-1.0,0.0,0.0,0.0,0.0,-1.0,1.0,0.0,-1.0,0.0,0.0,0.0,1.0,-1.0,-1.0,-1.0,1.0,0.0,-1.0,0.0,Non-Deletion
176,ACH-000716,0.020181305,0.0,0.0,0.0,0.0,0.0,0.0,0.0,0.0,0.0,0.0,0.0,0.0,1.0,1.0,1.0,1.0,0.0,1.0,1.0,1.0,0.0,0.0,1.0,0.0,1.0,1.0,0.0,-1.0,0.0,-1.0,1.0,-1.0,-1.0,0.0,0.0,0.0,0.0,0.0,-1.0,Deletion
177,ACH-000715,-0.746984185,0.0,0.0,0.0,0.0,-1.0,1.0,0.0,0.0,0.0,0.0,-1.0,0.0,0.0,0.0,-1.0,0.0,-1.0,0.0,0.0,0.0,0.0,0.0,0.0,0.0,0.0,1.0,1.0,0.0,0.0,0.0,0.0,0.0,0.0,-1.0,0.0,0.0,0.0,0.0,0.0,Non-Deletion
178,ACH-000713,-0.103814689,0.0,-1.0,0.0,0.0,-1.0,1.0,-1.0,-1.0,0.0,0.0,0.0,-1.0,0.0,0.0,-1.0,0.0,-1.0,-1.0,0.0,0.0,-1.0,0.0,0.0,0.0,-1.0,0.0,0.0,-1.0,-1.0,-1.0,0.0,0.0,-1.0,-1.0,0.0,-1.0,0.0,-1.0,0.0,Deletion
179,ACH-000711,-0.295690919,-1.0,-1.0,0.0,-1.0,0.0,0.0,-1.0,-1.0,-1.0,0.0,0.0,-1.0,0.0,-1.0,-1.0,0.0,-1.0,-1.0,0.0,-1.0,1.0,0.0,0.0,0.0,-1.0,-1.0,-1.0,-1.0,-1.0,-1.0,0.0,0.0,-1.0,-1.0,0.0,-1.0,1.0,0.0,-1.0,Deletion
180,ACH-000704,-0.301867442,0.0,0.0,0.0,-1.0,-1.0,1.0,-1.0,-1.0,1.0,0.0,0.0,0.0,0.0,0.0,0.0,1.0,-1.0,-1.0,0.0,0.0,-1.0,-1.0,-1.0,-1.0,-1.0,1.0,-1.0,-1.0,-1.0,-1.0,1.0,-1.0,-1.0,0.0,0.0,1.0,0.0,-1.0,0.0,Deletion
181,ACH-000701,-0.932750521,0.0,0.0,0.0,0.0,-1.0,0.0,0.0,0.0,0.0,0.0,0.0,-1.0,1.0,-1.0,-1.0,0.0,-1.0,0.0,-1.0,-1.0,0.0,0.0,0.0,0.0,0.0,0.0,-1.0,0.0,0.0,-1.0,0.0,0.0,-1.0,-1.0,1.0,-1.0,0.0,-1.0,0.0,Deletion
182,ACH-000696,-0.115653209,0.0,-1.0,-1.0,-1.0,0.0,-1.0,-1.0,-1.0,0.0,0.0,0.0,-1.0,-1.0,-1.0,-1.0,0.0,-1.0,0.0,-1.0,0.0,-1.0,0.0,-1.0,-1.0,-1.0,-1.0,-1.0,-1.0,0.0,-1.0,-1.0,-1.0,-1.0,-1.0,-1.0,-1.0,0.0,-1.0,-1.0,Deletion
183,ACH-000694,-0.623149931,0.0,1.0,1.0,0.0,-1.0,1.0,-1.0,0.0,0.0,0.0,0.0,0.0,1.0,-1.0,-1.0,0.0,-1.0,1.0,-1.0,0.0,0.0,-1.0,0.0,0.0,1.0,1.0,1.0,1.0,1.0,1.0,0.0,1.0,-1.0,0.0,-1.0,0.0,1.0,-1.0,1.0,Non-Deletion
184,ACH-000693,-0.174164055,-1.0,0.0,0.0,-1.0,-1.0,1.0,-1.0,-1.0,1.0,-1.0,0.0,-1.0,1.0,-1.0,-1.0,0.0,-1.0,-1.0,-1.0,-1.0,-1.0,-1.0,0.0,-1.0,-1.0,1.0,-1.0,0.0,0.0,-1.0,0.0,0.0,-1.0,0.0,0.0,-1.0,0.0,-1.0,-1.0,Deletion
187,ACH-000684,-0.18277646,0.0,1.0,0.0,0.0,-1.0,0.0,0.0,0.0,0.0,0.0,0.0,0.0,0.0,0.0,0.0,0.0,0.0,0.0,0.0,0.0,0.0,0.0,0.0,0.0,0.0,-1.0,0.0,0.0,0.0,0.0,0.0,-1.0,-1.0,0.0,0.0,0.0,0.0,-1.0,0.0,Non-Deletion
188,ACH-000681,-0.235380214,-1.0,0.0,1.0,0.0,-1.0,-1.0,-1.0,-1.0,0.0,0.0,-1.0,-1.0,0.0,0.0,0.0,0.0,0.0,0.0,0.0,0.0,0.0,-1.0,1.0,1.0,-1.0,0.0,1.0,-1.0,0.0,1.0,1.0,-1.0,-1.0,-1.0,1.0,1.0,0.0,-1.0,-1.0,Non-Deletion
189,ACH-000680,-0.199018041,-1.0,0.0,1.0,1.0,0.0,0.0,-1.0,-1.0,0.0,-1.0,0.0,0.0,1.0,1.0,0.0,0.0,-1.0,1.0,-1.0,-1.0,0.0,0.0,0.0,0.0,1.0,-1.0,-1.0,-1.0,-1.0,0.0,0.0,-1.0,-1.0,0.0,0.0,0.0,1.0,-1.0,-1.0,Non-Deletion
190,ACH-000679,-0.798504558,-1.0,0.0,0.0,-1.0,-1.0,0.0,-1.0,0.0,-1.0,-1.0,-1.0,-1.0,0.0,0.0,0.0,1.0,-1.0,1.0,-1.0,-1.0,0.0,0.0,0.0,-1.0,1.0,-1.0,-1.0,-1.0,-1.0,-1.0,0.0,-1.0,-1.0,-1.0,1.0,0.0,0.0,-1.0,-1.0,Deletion
191,ACH-000678,-0.155406032,0.0,0.0,1.0,-1.0,0.0,0.0,-1.0,0.0,1.0,0.0,1.0,-1.0,1.0,-1.0,-1.0,1.0,-1.0,0.0,-1.0,-1.0,1.0,1.0,-1.0,0.0,0.0,1.0,-1.0,0.0,0.0,0.0,0.0,1.0,0.0,0.0,1.0,1.0,1.0,0.0,0.0,Non-Deletion
192,ACH-000677,-0.050409296,1.0,1.0,1.0,0.0,0.0,0.0,0.0,-1.0,1.0,1.0,-1.0,1.0,1.0,1.0,-1.0,1.0,1.0,1.0,0.0,1.0,0.0,0.0,1.0,1.0,0.0,0.0,0.0,0.0,-1.0,1.0,1.0,-1.0,-1.0,-1.0,-1.0,1.0,1.0,0.0,-1.0,Non-Deletion
193,ACH-000674,-0.58006137,0.0,0.0,1.0,1.0,1.0,1.0,0.0,0.0,0.0,0.0,0.0,0.0,1.0,1.0,0.0,0.0,1.0,0.0,-1.0,0.0,1.0,1.0,1.0,1.0,0.0,0.0,0.0,1.0,0.0,0.0,1.0,0.0,0.0,0.0,0.0,0.0,0.0,0.0,0.0,Non-Deletion
194,ACH-000672,0.172158941,0.0,0.0,0.0,0.0,0.0,0.0,0.0,0.0,1.0,1.0,1.0,0.0,0.0,1.0,0.0,1.0,0.0,0.0,0.0,0.0,1.0,1.0,1.0,1.0,-1.0,1.0,0.0,0.0,0.0,0.0,1.0,0.0,0.0,-1.0,1.0,0.0,1.0,0.0,0.0,Non-Deletion
195,ACH-000671,-0.264732454,1.0,0.0,0.0,0.0,0.0,0.0,-1.0,-1.0,0.0,0.0,0.0,0.0,0.0,0.0,-1.0,1.0,0.0,0.0,0.0,0.0,0.0,0.0,1.0,1.0,-1.0,0.0,-1.0,0.0,0.0,-1.0,-1.0,0.0,-1.0,0.0,0.0,1.0,1.0,0.0,-1.0,Deletion
196,ACH-000670,-0.348627836,-1.0,1.0,1.0,0.0,-1.0,0.0,-1.0,-1.0,-1.0,-1.0,0.0,0.0,0.0,1.0,1.0,0.0,0.0,0.0,0.0,0.0,-1.0,-1.0,0.0,0.0,-1.0,-1.0,0.0,0.0,0.0,-1.0,0.0,0.0,-1.0,-1.0,-1.0,-1.0,0.0,0.0,0.0,Deletion
197,ACH-000669,-0.105735576,-1.0,1.0,0.0,0.0,-1.0,0.0,1.0,-1.0,1.0,-1.0,-1.0,-1.0,0.0,0.0,-1.0,0.0,0.0,-1.0,-1.0,0.0,-1.0,0.0,1.0,0.0,-1.0,0.0,-1.0,-1.0,-1.0,1.0,-1.0,-1.0,-1.0,-1.0,0.0,0.0,0.0,-1.0,-1.0,Non-Deletion
198,ACH-000667,-0.716199557,-1.0,-1.0,0.0,-1.0,0.0,1.0,-1.0,-1.0,-1.0,0.0,-1.0,-1.0,1.0,1.0,-1.0,-1.0,-1.0,0.0,-1.0,0.0,-1.0,-1.0,-1.0,-1.0,-1.0,1.0,-1.0,-1.0,1.0,-1.0,0.0,-1.0,-1.0,-1.0,1.0,1.0,-1.0,0.0,-1.0,Deletion
199,ACH-000666,0.054393233,1.0,1.0,1.0,0.0,0.0,0.0,0.0,1.0,1.0,0.0,0.0,0.0,0.0,0.0,1.0,1.0,0.0,0.0,0.0,0.0,-1.0,1.0,0.0,0.0,-1.0,1.0,0.0,0.0,0.0,1.0,1.0,1.0,1.0,0.0,1.0,0.0,0.0,1.0,0.0,Non-Deletion
201,ACH-000663,-0.222473851,0.0,0.0,1.0,1.0,1.0,1.0,0.0,0.0,0.0,0.0,0.0,0.0,0.0,0.0,1.0,1.0,0.0,-1.0,1.0,1.0,1.0,-1.0,1.0,1.0,0.0,1.0,-1.0,1.0,1.0,1.0,1.0,1.0,-1.0,0.0,0.0,1.0,1.0,0.0,1.0,Non-Deletion
202,ACH-000662,-0.360184242,0.0,0.0,0.0,0.0,0.0,1.0,0.0,0.0,1.0,0.0,0.0,0.0,0.0,0.0,0.0,0.0,0.0,0.0,0.0,0.0,1.0,1.0,0.0,0.0,0.0,1.0,0.0,1.0,1.0,0.0,0.0,0.0,0.0,0.0,0.0,1.0,1.0,0.0,0.0,Non-Deletion
203,ACH-000661,-0.089652147,-1.0,0.0,-1.0,-1.0,0.0,0.0,-1.0,-1.0,1.0,-1.0,-1.0,-1.0,0.0,0.0,1.0,1.0,-1.0,-1.0,-1.0,-1.0,-1.0,-1.0,0.0,0.0,0.0,-1.0,0.0,-1.0,-1.0,0.0,0.0,-1.0,-1.0,-1.0,-1.0,0.0,0.0,0.0,1.0,Non-Deletion
204,ACH-000657,0.546773215,0.0,1.0,0.0,0.0,0.0,0.0,0.0,0.0,0.0,0.0,0.0,-1.0,0.0,0.0,0.0,0.0,0.0,0.0,0.0,0.0,0.0,0.0,0.0,0.0,0.0,0.0,0.0,0.0,0.0,0.0,0.0,0.0,0.0,0.0,0.0,0.0,0.0,0.0,0.0,Non-Deletion
205,ACH-000652,-0.023845598,0.0,0.0,0.0,0.0,-1.0,0.0,0.0,-1.0,0.0,-1.0,-1.0,-1.0,0.0,0.0,-1.0,0.0,0.0,0.0,0.0,0.0,-1.0,0.0,1.0,0.0,-1.0,-1.0,-1.0,-1.0,0.0,-1.0,0.0,-1.0,-1.0,-1.0,-1.0,-1.0,1.0,-1.0,-1.0,Deletion
206,ACH-000651,-0.650344834,0.0,0.0,0.0,0.0,0.0,0.0,0.0,0.0,1.0,0.0,0.0,0.0,1.0,1.0,0.0,0.0,0.0,0.0,0.0,0.0,1.0,1.0,1.0,0.0,0.0,0.0,0.0,0.0,1.0,0.0,0.0,0.0,-1.0,0.0,0.0,1.0,1.0,0.0,0.0,Non-Deletion
207,ACH-000650,-0.163028134,0.0,0.0,0.0,0.0,0.0,0.0,-1.0,-1.0,0.0,0.0,-1.0,-1.0,0.0,0.0,0.0,0.0,-1.0,0.0,-1.0,-1.0,0.0,-1.0,0.0,-1.0,0.0,-1.0,0.0,0.0,-1.0,-1.0,0.0,0.0,0.0,-1.0,0.0,0.0,0.0,0.0,0.0,Deletion
208,ACH-000649,-0.119205417,0.0,0.0,0.0,0.0,-1.0,0.0,0.0,-1.0,1.0,-1.0,-1.0,-1.0,-1.0,1.0,-1.0,1.0,-1.0,0.0,0.0,0.0,-1.0,-1.0,0.0,0.0,-1.0,-1.0,-1.0,0.0,0.0,-1.0,-1.0,-1.0,-1.0,-1.0,-1.0,-1.0,1.0,0.0,0.0,Deletion
209,ACH-000648,0.000342052,-1.0,1.0,0.0,1.0,1.0,-1.0,-1.0,-1.0,0.0,0.0,-1.0,0.0,0.0,0.0,-1.0,-1.0,-1.0,0.0,0.0,0.0,-1.0,-1.0,0.0,-1.0,0.0,-1.0,1.0,0.0,-1.0,-1.0,1.0,-1.0,-1.0,0.0,0.0,-1.0,0.0,0.0,0.0,Deletion
210,ACH-000647,0.088212217,0.0,0.0,0.0,-1.0,-1.0,-1.0,-1.0,-1.0,1.0,-1.0,0.0,-1.0,1.0,0.0,-1.0,-1.0,-1.0,0.0,-1.0,-1.0,-1.0,0.0,-1.0,-1.0,1.0,0.0,-1.0,-1.0,-1.0,0.0,0.0,1.0,-1.0,-1.0,0.0,-1.0,1.0,0.0,0.0,Non-Deletion
211,ACH-000643,-0.471116351,-1.0,-1.0,0.0,-1.0,-1.0,1.0,-1.0,-1.0,1.0,-1.0,1.0,1.0,1.0,1.0,-1.0,1.0,-1.0,-1.0,1.0,0.0,-1.0,-1.0,1.0,-1.0,1.0,-1.0,-1.0,-1.0,-1.0,-1.0,0.0,1.0,-1.0,0.0,-1.0,-1.0,1.0,0.0,-1.0,Deletion
212,ACH-000637,-0.440903891,0.0,0.0,0.0,0.0,-1.0,0.0,-1.0,-1.0,1.0,0.0,-1.0,-1.0,1.0,-1.0,-1.0,0.0,-1.0,0.0,-1.0,0.0,-1.0,0.0,0.0,0.0,-1.0,-1.0,1.0,-1.0,1.0,0.0,0.0,1.0,-1.0,-1.0,0.0,1.0,1.0,-1.0,-1.0,Non-Deletion
213,ACH-000632,-0.37452594,0.0,0.0,-1.0,0.0,1.0,0.0,0.0,0.0,0.0,0.0,1.0,-1.0,-1.0,-1.0,-1.0,0.0,-1.0,0.0,-1.0,-1.0,-1.0,-1.0,-1.0,-1.0,0.0,0.0,-1.0,-1.0,-1.0,-1.0,0.0,-1.0,0.0,-1.0,0.0,0.0,0.0,-1.0,0.0,Deletion
214,ACH-000630,0.078908382,-1.0,0.0,0.0,1.0,0.0,0.0,0.0,0.0,1.0,1.0,-1.0,1.0,1.0,0.0,-1.0,1.0,1.0,1.0,1.0,1.0,1.0,0.0,0.0,1.0,-1.0,1.0,0.0,1.0,1.0,1.0,0.0,1.0,-1.0,0.0,0.0,1.0,1.0,0.0,0.0,Non-Deletion
215,ACH-000628,-0.017481993,0.0,1.0,-1.0,0.0,-1.0,1.0,0.0,0.0,1.0,0.0,0.0,-1.0,1.0,-1.0,-1.0,1.0,0.0,0.0,-1.0,-1.0,0.0,0.0,-1.0,-1.0,-1.0,1.0,1.0,0.0,0.0,0.0,-1.0,0.0,-1.0,0.0,0.0,-1.0,1.0,1.0,-1.0,Non-Deletion
216,ACH-000627,-0.157815198,0.0,0.0,0.0,0.0,0.0,0.0,0.0,0.0,1.0,0.0,1.0,0.0,1.0,0.0,-1.0,1.0,1.0,1.0,1.0,0.0,0.0,0.0,1.0,1.0,-1.0,0.0,0.0,1.0,1.0,0.0,0.0,0.0,0.0,0.0,0.0,0.0,0.0,0.0,-1.0,Non-Deletion
217,ACH-000625,-0.234714143,-1.0,1.0,-1.0,0.0,-1.0,0.0,1.0,-1.0,0.0,-1.0,0.0,0.0,1.0,0.0,-1.0,0.0,0.0,0.0,-1.0,-1.0,1.0,-1.0,0.0,0.0,-1.0,-1.0,0.0,-1.0,-1.0,0.0,-1.0,-1.0,-1.0,0.0,0.0,0.0,0.0,1.0,0.0,Non-Deletion
218,ACH-000624,-0.020671471,0.0,1.0,1.0,0.0,-1.0,1.0,0.0,0.0,1.0,0.0,1.0,0.0,0.0,0.0,-1.0,0.0,-1.0,0.0,0.0,1.0,1.0,1.0,1.0,0.0,0.0,0.0,-1.0,0.0,0.0,0.0,0.0,0.0,-1.0,0.0,1.0,0.0,1.0,0.0,0.0,Non-Deletion
219,ACH-000622,0.012888289,0.0,1.0,1.0,1.0,0.0,0.0,-1.0,-1.0,1.0,-1.0,0.0,1.0,1.0,0.0,-1.0,-1.0,0.0,1.0,-1.0,0.0,-1.0,1.0,0.0,0.0,0.0,-1.0,1.0,0.0,0.0,1.0,1.0,0.0,0.0,1.0,0.0,0.0,0.0,-1.0,0.0,Non-Deletion
220,ACH-000620,-0.622166824,-1.0,1.0,1.0,0.0,-1.0,1.0,-1.0,-1.0,0.0,0.0,1.0,-1.0,0.0,1.0,0.0,1.0,0.0,1.0,0.0,0.0,0.0,1.0,1.0,0.0,-1.0,0.0,-1.0,0.0,-1.0,-1.0,0.0,-1.0,-1.0,-1.0,1.0,1.0,1.0,-1.0,1.0,Deletion
221,ACH-000619,0.011043807,-1.0,-1.0,0.0,0.0,-1.0,1.0,0.0,-1.0,1.0,0.0,0.0,0.0,1.0,0.0,-1.0,1.0,-1.0,1.0,0.0,-1.0,1.0,0.0,0.0,0.0,0.0,1.0,0.0,1.0,1.0,1.0,1.0,0.0,-1.0,0.0,1.0,1.0,1.0,-1.0,-1.0,Non-Deletion
222,ACH-000614,-0.706031437,0.0,0.0,0.0,0.0,0.0,0.0,0.0,0.0,1.0,1.0,0.0,-1.0,0.0,1.0,1.0,1.0,-1.0,0.0,-1.0,-1.0,0.0,0.0,0.0,-1.0,-1.0,0.0,-1.0,0.0,0.0,0.0,0.0,0.0,0.0,0.0,0.0,-1.0,1.0,0.0,0.0,Non-Deletion
223,ACH-000613,-0.604708908,0.0,0.0,0.0,0.0,0.0,0.0,0.0,0.0,1.0,0.0,1.0,0.0,1.0,0.0,0.0,0.0,0.0,1.0,0.0,0.0,0.0,0.0,0.0,0.0,0.0,1.0,1.0,0.0,0.0,1.0,0.0,0.0,-1.0,0.0,0.0,0.0,1.0,0.0,0.0,Non-Deletion
224,ACH-000609,-0.405643249,0.0,0.0,0.0,0.0,-1.0,0.0,0.0,0.0,1.0,0.0,0.0,0.0,1.0,0.0,0.0,0.0,-1.0,0.0,-1.0,0.0,0.0,0.0,0.0,0.0,-1.0,0.0,0.0,0.0,0.0,0.0,0.0,0.0,0.0,0.0,0.0,0.0,0.0,0.0,0.0,Non-Deletion
225,ACH-000605,-0.405947436,0.0,0.0,0.0,-1.0,-1.0,1.0,-1.0,-1.0,1.0,-1.0,0.0,-1.0,1.0,-1.0,-1.0,1.0,-1.0,-1.0,-1.0,-1.0,-1.0,-1.0,-1.0,-1.0,-1.0,1.0,0.0,-1.0,-1.0,0.0,0.0,-1.0,-1.0,0.0,0.0,0.0,0.0,0.0,-1.0,Non-Deletion
226,ACH-000603,-0.547864198,-1.0,0.0,0.0,1.0,-1.0,-1.0,0.0,-1.0,1.0,-1.0,-1.0,-1.0,1.0,0.0,-1.0,-1.0,-1.0,-1.0,-1.0,-1.0,0.0,0.0,-1.0,1.0,-1.0,-1.0,-1.0,1.0,0.0,-1.0,1.0,-1.0,0.0,-1.0,-1.0,1.0,1.0,-1.0,-1.0,Deletion
227,ACH-000601,-0.371922672,0.0,0.0,0.0,0.0,-1.0,1.0,-1.0,-1.0,1.0,1.0,0.0,0.0,0.0,0.0,0.0,-1.0,-1.0,-1.0,0.0,0.0,-1.0,-1.0,1.0,-1.0,-1.0,0.0,-1.0,-1.0,0.0,0.0,0.0,0.0,0.0,0.0,0.0,0.0,0.0,0.0,-1.0,Non-Deletion
228,ACH-000599,-0.547454609,-1.0,-1.0,0.0,0.0,0.0,0.0,1.0,-1.0,1.0,0.0,0.0,1.0,1.0,-1.0,0.0,1.0,0.0,1.0,-1.0,0.0,-1.0,1.0,1.0,1.0,0.0,-1.0,0.0,0.0,1.0,-1.0,1.0,-1.0,-1.0,0.0,-1.0,1.0,1.0,-1.0,-1.0,Deletion
229,ACH-000595,0.00717081,0.0,1.0,0.0,0.0,0.0,0.0,-1.0,-1.0,1.0,0.0,-1.0,-1.0,1.0,1.0,-1.0,0.0,0.0,0.0,-1.0,-1.0,-1.0,-1.0,0.0,-1.0,-1.0,-1.0,0.0,-1.0,-1.0,-1.0,0.0,-1.0,-1.0,-1.0,-1.0,1.0,1.0,0.0,1.0,Deletion
230,ACH-000593,-0.403705233,0.0,0.0,-1.0,0.0,-1.0,1.0,-1.0,-1.0,-1.0,0.0,0.0,0.0,-1.0,-1.0,1.0,1.0,1.0,1.0,0.0,0.0,0.0,0.0,0.0,0.0,-1.0,1.0,0.0,1.0,1.0,0.0,-1.0,-1.0,-1.0,0.0,0.0,1.0,1.0,0.0,1.0,Non-Deletion
232,ACH-000589,-0.629058945,-1.0,0.0,0.0,0.0,-1.0,1.0,-1.0,-1.0,0.0,0.0,-1.0,-1.0,0.0,0.0,-1.0,1.0,0.0,0.0,0.0,0.0,-1.0,1.0,-1.0,1.0,-1.0,0.0,0.0,1.0,0.0,-1.0,0.0,0.0,-1.0,-1.0,-1.0,-1.0,0.0,-1.0,0.0,Deletion
234,ACH-000582,0.428959785,0.0,0.0,0.0,0.0,0.0,1.0,-1.0,-1.0,-1.0,-1.0,0.0,0.0,1.0,1.0,0.0,-1.0,-1.0,-1.0,-1.0,-1.0,0.0,0.0,0.0,0.0,0.0,-1.0,0.0,-1.0,-1.0,0.0,0.0,0.0,-1.0,0.0,-1.0,0.0,0.0,0.0,0.0,Non-Deletion
235,ACH-000579,-0.122920422,1.0,1.0,1.0,1.0,-1.0,0.0,-1.0,-1.0,0.0,0.0,1.0,-1.0,1.0,1.0,-1.0,1.0,-1.0,-1.0,-1.0,-1.0,-1.0,-1.0,0.0,0.0,1.0,0.0,-1.0,0.0,0.0,1.0,1.0,-1.0,-1.0,1.0,1.0,1.0,1.0,1.0,0.0,Non-Deletion
236,ACH-000573,-0.163058421,0.0,0.0,0.0,0.0,0.0,-1.0,0.0,-1.0,0.0,-1.0,-1.0,0.0,0.0,0.0,-1.0,-1.0,0.0,0.0,-1.0,0.0,0.0,-1.0,1.0,-1.0,-1.0,-1.0,0.0,0.0,-1.0,-1.0,-1.0,-1.0,-1.0,0.0,-1.0,-1.0,0.0,0.0,-1.0,Deletion
237,ACH-000572,-0.550990142,0.0,0.0,0.0,0.0,1.0,1.0,-1.0,0.0,1.0,-1.0,0.0,-1.0,1.0,1.0,-1.0,1.0,-1.0,1.0,-1.0,-1.0,1.0,-1.0,0.0,0.0,-1.0,-1.0,1.0,0.0,-1.0,-1.0,1.0,1.0,1.0,1.0,0.0,1.0,1.0,0.0,1.0,Deletion
238,ACH-000571,-0.228072557,0.0,0.0,0.0,0.0,0.0,0.0,0.0,0.0,0.0,0.0,0.0,-1.0,1.0,0.0,0.0,0.0,-1.0,-1.0,-1.0,-1.0,0.0,-1.0,0.0,0.0,0.0,-1.0,0.0,0.0,0.0,0.0,0.0,-1.0,-1.0,-1.0,-1.0,1.0,1.0,0.0,0.0,Non-Deletion
239,ACH-000570,0.062760829,0.0,1.0,0.0,0.0,1.0,1.0,-1.0,-1.0,0.0,0.0,0.0,0.0,1.0,1.0,1.0,0.0,0.0,0.0,0.0,0.0,-1.0,-1.0,0.0,0.0,-1.0,-1.0,0.0,1.0,1.0,1.0,0.0,0.0,0.0,1.0,1.0,1.0,1.0,0.0,-1.0,Non-Deletion
240,ACH-000569,-0.544162739,0.0,0.0,0.0,1.0,0.0,0.0,0.0,0.0,1.0,0.0,1.0,0.0,1.0,1.0,0.0,1.0,-1.0,-1.0,0.0,-1.0,0.0,0.0,0.0,0.0,-1.0,1.0,0.0,0.0,0.0,0.0,1.0,-1.0,-1.0,1.0,1.0,1.0,1.0,0.0,-1.0,Non-Deletion
241,ACH-000566,-0.262571411,0.0,0.0,0.0,0.0,0.0,0.0,0.0,0.0,0.0,0.0,0.0,0.0,0.0,0.0,0.0,0.0,-1.0,0.0,0.0,0.0,0.0,-1.0,0.0,0.0,-1.0,-1.0,0.0,0.0,0.0,0.0,0.0,0.0,0.0,0.0,0.0,1.0,1.0,0.0,0.0,Non-Deletion
242,ACH-000565,-0.355314178,-1.0,0.0,1.0,1.0,0.0,1.0,0.0,0.0,0.0,0.0,0.0,0.0,1.0,1.0,-1.0,1.0,0.0,0.0,0.0,0.0,0.0,0.0,0.0,0.0,1.0,1.0,1.0,0.0,0.0,-1.0,0.0,-1.0,-1.0,-1.0,-1.0,-1.0,1.0,0.0,0.0,Deletion
243,ACH-000563,0.01082741,0.0,-1.0,-1.0,-1.0,-1.0,1.0,-1.0,0.0,1.0,0.0,0.0,-1.0,1.0,1.0,-1.0,1.0,-1.0,0.0,-1.0,0.0,-1.0,0.0,1.0,0.0,-1.0,0.0,-1.0,0.0,1.0,0.0,0.0,-1.0,0.0,-1.0,0.0,1.0,1.0,-1.0,-1.0,Non-Deletion
244,ACH-000562,-0.209851985,0.0,1.0,0.0,0.0,-1.0,1.0,0.0,0.0,0.0,0.0,0.0,0.0,0.0,0.0,0.0,0.0,0.0,0.0,0.0,0.0,0.0,1.0,0.0,0.0,-1.0,0.0,0.0,1.0,0.0,0.0,1.0,0.0,0.0,0.0,0.0,0.0,0.0,0.0,0.0,Non-Deletion
245,ACH-000561,-0.460978508,-1.0,0.0,-1.0,0.0,-1.0,1.0,-1.0,-1.0,1.0,0.0,0.0,-1.0,1.0,-1.0,-1.0,1.0,-1.0,0.0,1.0,-1.0,0.0,-1.0,1.0,-1.0,0.0,0.0,1.0,-1.0,0.0,0.0,0.0,1.0,-1.0,-1.0,-1.0,-1.0,-1.0,-1.0,-1.0,Non-Deletion
246,ACH-000558,-0.206938976,0.0,0.0,0.0,0.0,0.0,0.0,0.0,0.0,0.0,0.0,0.0,0.0,0.0,0.0,0.0,0.0,0.0,0.0,0.0,0.0,0.0,-1.0,0.0,0.0,0.0,-1.0,-1.0,0.0,0.0,0.0,0.0,0.0,0.0,0.0,0.0,0.0,0.0,0.0,-1.0,Non-Deletion
247,ACH-000553,-0.101087916,0.0,1.0,0.0,0.0,0.0,1.0,1.0,1.0,0.0,0.0,1.0,-1.0,1.0,0.0,-1.0,0.0,-1.0,-1.0,1.0,0.0,-1.0,0.0,0.0,0.0,-1.0,0.0,-1.0,0.0,0.0,-1.0,1.0,0.0,-1.0,-1.0,0.0,0.0,0.0,-1.0,-1.0,Deletion
248,ACH-000552,-0.431842732,0.0,0.0,0.0,0.0,-1.0,0.0,0.0,0.0,1.0,0.0,0.0,0.0,1.0,1.0,-1.0,0.0,0.0,0.0,0.0,0.0,1.0,1.0,0.0,0.0,1.0,-1.0,1.0,0.0,0.0,-1.0,0.0,1.0,-1.0,-1.0,1.0,0.0,1.0,-1.0,-1.0,Deletion
249,ACH-000549,-0.404699173,0.0,-1.0,-1.0,-1.0,-1.0,0.0,-1.0,-1.0,-1.0,0.0,-1.0,-1.0,0.0,-1.0,-1.0,0.0,-1.0,1.0,-1.0,-1.0,0.0,0.0,1.0,0.0,-1.0,1.0,0.0,-1.0,0.0,-1.0,0.0,0.0,-1.0,-1.0,-1.0,1.0,1.0,-1.0,-1.0,Deletion
250,ACH-000545,-0.289679131,0.0,0.0,0.0,0.0,0.0,0.0,0.0,0.0,1.0,0.0,0.0,0.0,1.0,0.0,0.0,0.0,0.0,0.0,0.0,0.0,0.0,0.0,0.0,0.0,0.0,0.0,0.0,-1.0,0.0,0.0,1.0,0.0,0.0,0.0,0.0,0.0,0.0,-1.0,0.0,Non-Deletion
251,ACH-000544,-0.215700034,0.0,1.0,0.0,0.0,-1.0,1.0,1.0,-1.0,1.0,1.0,0.0,-1.0,0.0,-1.0,-1.0,1.0,0.0,1.0,-1.0,0.0,-1.0,-1.0,1.0,0.0,0.0,0.0,1.0,0.0,0.0,0.0,0.0,1.0,-1.0,-1.0,1.0,1.0,1.0,-1.0,-1.0,Non-Deletion
252,ACH-000542,0.708191576,0.0,0.0,0.0,0.0,0.0,0.0,0.0,0.0,0.0,0.0,0.0,0.0,0.0,-1.0,0.0,1.0,0.0,0.0,0.0,0.0,0.0,0.0,1.0,0.0,0.0,0.0,0.0,0.0,0.0,0.0,0.0,0.0,-1.0,0.0,0.0,-1.0,0.0,0.0,0.0,Non-Deletion
253,ACH-000537,-0.040738475,0.0,1.0,1.0,0.0,0.0,0.0,1.0,0.0,0.0,0.0,0.0,0.0,1.0,0.0,-1.0,1.0,0.0,0.0,0.0,0.0,1.0,-1.0,0.0,0.0,0.0,1.0,0.0,0.0,0.0,0.0,0.0,-1.0,0.0,1.0,1.0,1.0,1.0,0.0,1.0,Non-Deletion
255,ACH-000532,-0.139447159,-1.0,1.0,0.0,0.0,-1.0,1.0,-1.0,-1.0,0.0,-1.0,-1.0,-1.0,1.0,0.0,-1.0,-1.0,-1.0,-1.0,-1.0,0.0,0.0,1.0,0.0,0.0,0.0,1.0,-1.0,0.0,0.0,-1.0,0.0,0.0,-1.0,-1.0,-1.0,-1.0,-1.0,-1.0,-1.0,Deletion
256,ACH-000528,-0.15674548,-1.0,0.0,1.0,-1.0,-1.0,1.0,-1.0,-1.0,1.0,-1.0,-1.0,-1.0,1.0,-1.0,-1.0,0.0,-1.0,-1.0,0.0,0.0,-1.0,-1.0,-1.0,0.0,-1.0,-1.0,-1.0,-1.0,-1.0,0.0,-1.0,-1.0,-1.0,-1.0,0.0,1.0,-1.0,-1.0,-1.0,Non-Deletion
257,ACH-000527,-0.483438787,0.0,0.0,0.0,0.0,-1.0,1.0,-1.0,-1.0,-1.0,0.0,-1.0,-1.0,1.0,-1.0,-1.0,1.0,0.0,0.0,-1.0,0.0,0.0,-1.0,0.0,0.0,-1.0,0.0,-1.0,0.0,-1.0,-1.0,1.0,1.0,-1.0,0.0,1.0,0.0,0.0,1.0,-1.0,Deletion
259,ACH-000521,-0.282320785,0.0,-1.0,1.0,1.0,0.0,0.0,0.0,0.0,1.0,0.0,1.0,0.0,0.0,0.0,0.0,1.0,-1.0,-1.0,1.0,0.0,-1.0,0.0,0.0,0.0,-1.0,1.0,0.0,0.0,1.0,0.0,0.0,0.0,0.0,0.0,0.0,-1.0,1.0,0.0,0.0,Non-Deletion
260,ACH-000517,-0.168338399,-1.0,0.0,0.0,0.0,-1.0,1.0,-1.0,-1.0,0.0,0.0,0.0,-1.0,1.0,1.0,-1.0,1.0,-1.0,0.0,0.0,0.0,-1.0,-1.0,0.0,0.0,-1.0,-1.0,-1.0,-1.0,-1.0,-1.0,0.0,-1.0,-1.0,0.0,0.0,-1.0,1.0,0.0,-1.0,Deletion
261,ACH-000516,-0.551941082,1.0,-1.0,-1.0,0.0,-1.0,1.0,0.0,-1.0,-1.0,1.0,0.0,-1.0,-1.0,-1.0,-1.0,1.0,-1.0,-1.0,-1.0,-1.0,1.0,-1.0,-1.0,-1.0,-1.0,-1.0,-1.0,-1.0,-1.0,-1.0,-1.0,-1.0,-1.0,-1.0,-1.0,-1.0,-1.0,1.0,0.0,Deletion
262,ACH-000510,-0.204723438,-1.0,-1.0,0.0,-1.0,-1.0,-1.0,1.0,-1.0,0.0,0.0,0.0,0.0,-1.0,0.0,-1.0,1.0,-1.0,0.0,-1.0,-1.0,-1.0,-1.0,1.0,-1.0,-1.0,-1.0,-1.0,-1.0,0.0,-1.0,0.0,0.0,-1.0,0.0,1.0,-1.0,0.0,-1.0,-1.0,Deletion
263,ACH-000505,-0.168643113,-1.0,-1.0,0.0,0.0,-1.0,-1.0,-1.0,-1.0,1.0,1.0,-1.0,-1.0,1.0,-1.0,-1.0,-1.0,1.0,0.0,0.0,-1.0,0.0,-1.0,1.0,-1.0,-1.0,1.0,0.0,-1.0,-1.0,-1.0,-1.0,1.0,-1.0,-1.0,-1.0,1.0,1.0,-1.0,-1.0,Deletion
264,ACH-000503,-0.910776437,0.0,0.0,0.0,-1.0,-1.0,1.0,-1.0,-1.0,1.0,0.0,0.0,-1.0,1.0,-1.0,-1.0,0.0,-1.0,1.0,-1.0,-1.0,0.0,-1.0,1.0,0.0,-1.0,0.0,0.0,-1.0,0.0,1.0,-1.0,0.0,0.0,0.0,-1.0,0.0,0.0,-1.0,0.0,Non-Deletion
265,ACH-000502,-0.523834558,-1.0,0.0,1.0,1.0,-1.0,0.0,-1.0,-1.0,1.0,1.0,1.0,-1.0,1.0,1.0,-1.0,1.0,-1.0,-1.0,0.0,0.0,1.0,-1.0,-1.0,1.0,1.0,1.0,1.0,1.0,1.0,-1.0,1.0,-1.0,-1.0,0.0,1.0,-1.0,1.0,-1.0,-1.0,Deletion
266,ACH-000500,-0.082855143,-1.0,1.0,0.0,0.0,-1.0,0.0,1.0,-1.0,1.0,0.0,-1.0,-1.0,0.0,-1.0,-1.0,1.0,0.0,0.0,-1.0,0.0,1.0,1.0,1.0,0.0,-1.0,1.0,-1.0,0.0,0.0,0.0,-1.0,0.0,-1.0,1.0,-1.0,-1.0,1.0,-1.0,0.0,Non-Deletion
267,ACH-000496,-0.485855244,0.0,0.0,0.0,0.0,0.0,0.0,0.0,0.0,1.0,0.0,0.0,0.0,0.0,1.0,0.0,0.0,-1.0,-1.0,1.0,0.0,0.0,0.0,1.0,0.0,-1.0,1.0,1.0,-1.0,0.0,-1.0,1.0,0.0,1.0,0.0,1.0,-1.0,1.0,0.0,0.0,Deletion
268,ACH-000495,-0.194563856,1.0,1.0,1.0,0.0,-1.0,1.0,0.0,0.0,1.0,1.0,0.0,0.0,1.0,1.0,0.0,0.0,0.0,0.0,0.0,0.0,0.0,0.0,1.0,1.0,1.0,-1.0,0.0,0.0,0.0,1.0,1.0,1.0,1.0,0.0,0.0,1.0,1.0,0.0,0.0,Non-Deletion
269,ACH-000493,-0.679246798,-1.0,-1.0,-1.0,-1.0,-1.0,-1.0,0.0,-1.0,1.0,1.0,1.0,1.0,1.0,1.0,-1.0,-1.0,-1.0,-1.0,-1.0,0.0,0.0,0.0,-1.0,0.0,-1.0,-1.0,-1.0,-1.0,-1.0,-1.0,0.0,-1.0,-1.0,1.0,-1.0,1.0,1.0,-1.0,-1.0,Deletion
270,ACH-000488,-0.015094513,0.0,0.0,-1.0,0.0,-1.0,1.0,-1.0,-1.0,1.0,0.0,0.0,-1.0,0.0,-1.0,0.0,-1.0,0.0,0.0,0.0,0.0,0.0,-1.0,0.0,0.0,-1.0,1.0,0.0,0.0,0.0,-1.0,0.0,-1.0,-1.0,-1.0,-1.0,-1.0,0.0,0.0,-1.0,Deletion
271,ACH-000486,-0.464195502,0.0,0.0,-1.0,0.0,0.0,0.0,-1.0,0.0,0.0,-1.0,0.0,0.0,-1.0,0.0,-1.0,0.0,0.0,0.0,0.0,0.0,0.0,-1.0,0.0,0.0,0.0,-1.0,0.0,-1.0,0.0,-1.0,-1.0,0.0,0.0,-1.0,0.0,-1.0,1.0,0.0,-1.0,Deletion
272,ACH-000484,-0.374992646,0.0,0.0,0.0,1.0,0.0,1.0,0.0,0.0,1.0,1.0,0.0,0.0,1.0,1.0,-1.0,1.0,0.0,0.0,0.0,0.0,0.0,0.0,0.0,0.0,-1.0,-1.0,0.0,1.0,1.0,0.0,0.0,0.0,0.0,0.0,0.0,-1.0,1.0,0.0,0.0,Non-Deletion
273,ACH-000482,-0.561473194,0.0,-1.0,0.0,-1.0,-1.0,-1.0,-1.0,0.0,1.0,-1.0,1.0,0.0,1.0,1.0,-1.0,0.0,-1.0,0.0,-1.0,0.0,0.0,0.0,0.0,0.0,-1.0,0.0,0.0,0.0,-1.0,0.0,0.0,0.0,-1.0,-1.0,1.0,0.0,0.0,0.0,0.0,Non-Deletion
274,ACH-000481,0.096265239,-1.0,1.0,0.0,0.0,-1.0,-1.0,0.0,0.0,1.0,-1.0,0.0,0.0,1.0,1.0,0.0,0.0,-1.0,-1.0,-1.0,-1.0,-1.0,0.0,1.0,-1.0,1.0,0.0,-1.0,-1.0,0.0,-1.0,0.0,0.0,0.0,-1.0,1.0,1.0,1.0,-1.0,0.0,Deletion
275,ACH-000480,-0.140251517,-1.0,-1.0,-1.0,-1.0,-1.0,0.0,0.0,-1.0,-1.0,-1.0,-1.0,0.0,-1.0,0.0,-1.0,0.0,-1.0,0.0,-1.0,-1.0,-1.0,-1.0,0.0,0.0,-1.0,-1.0,-1.0,-1.0,-1.0,0.0,-1.0,1.0,-1.0,0.0,0.0,1.0,0.0,-1.0,0.0,Non-Deletion
276,ACH-000479,-0.488521486,0.0,0.0,0.0,0.0,0.0,0.0,0.0,0.0,0.0,0.0,0.0,0.0,1.0,1.0,0.0,0.0,0.0,0.0,-1.0,-1.0,0.0,0.0,0.0,0.0,0.0,-1.0,0.0,0.0,0.0,0.0,0.0,0.0,0.0,0.0,0.0,0.0,0.0,0.0,-1.0,Non-Deletion
277,ACH-000477,-0.476853098,0.0,0.0,0.0,0.0,0.0,0.0,0.0,0.0,0.0,-1.0,0.0,0.0,0.0,1.0,0.0,-1.0,0.0,0.0,0.0,0.0,-1.0,-1.0,0.0,0.0,0.0,0.0,0.0,0.0,-1.0,0.0,0.0,0.0,0.0,0.0,0.0,0.0,0.0,-1.0,0.0,Non-Deletion
278,ACH-000476,0.279385737,1.0,1.0,1.0,1.0,0.0,0.0,0.0,0.0,1.0,0.0,0.0,0.0,1.0,1.0,-1.0,0.0,0.0,0.0,0.0,1.0,0.0,1.0,1.0,1.0,-1.0,0.0,0.0,-1.0,-1.0,0.0,1.0,1.0,-1.0,0.0,1.0,1.0,1.0,0.0,1.0,Non-Deletion
279,ACH-000473,-0.828100613,0.0,0.0,0.0,0.0,-1.0,1.0,1.0,-1.0,0.0,0.0,0.0,0.0,0.0,0.0,-1.0,1.0,0.0,0.0,0.0,0.0,-1.0,0.0,0.0,0.0,0.0,0.0,0.0,0.0,0.0,-1.0,0.0,0.0,-1.0,0.0,0.0,1.0,1.0,1.0,0.0,Deletion
280,ACH-000472,-0.246276409,-1.0,-1.0,-1.0,-1.0,-1.0,1.0,-1.0,-1.0,0.0,0.0,0.0,0.0,0.0,-1.0,-1.0,-1.0,0.0,0.0,-1.0,0.0,0.0,1.0,1.0,-1.0,0.0,0.0,-1.0,-1.0,-1.0,0.0,-1.0,0.0,-1.0,-1.0,-1.0,1.0,1.0,-1.0,0.0,Non-Deletion
281,ACH-000471,0.061263421,-1.0,0.0,-1.0,-1.0,-1.0,-1.0,0.0,-1.0,1.0,1.0,0.0,0.0,0.0,0.0,0.0,0.0,0.0,0.0,0.0,0.0,0.0,0.0,1.0,1.0,-1.0,-1.0,1.0,-1.0,-1.0,-1.0,1.0,1.0,-1.0,-1.0,1.0,0.0,0.0,-1.0,-1.0,Deletion
282,ACH-000469,-0.618648773,0.0,0.0,0.0,0.0,0.0,0.0,-1.0,-1.0,0.0,0.0,0.0,0.0,1.0,1.0,0.0,0.0,0.0,0.0,-1.0,-1.0,-1.0,0.0,0.0,0.0,0.0,0.0,0.0,0.0,0.0,-1.0,0.0,0.0,0.0,0.0,1.0,0.0,0.0,0.0,0.0,Deletion
283,ACH-000468,-0.143151491,-1.0,0.0,0.0,0.0,0.0,1.0,0.0,-1.0,1.0,0.0,0.0,0.0,1.0,0.0,0.0,0.0,0.0,0.0,1.0,1.0,0.0,0.0,0.0,0.0,0.0,0.0,0.0,0.0,0.0,0.0,0.0,1.0,-1.0,0.0,0.0,1.0,1.0,0.0,0.0,Non-Deletion
284,ACH-000467,-1.219332666,-1.0,0.0,0.0,0.0,0.0,1.0,-1.0,-1.0,-1.0,1.0,0.0,-1.0,0.0,0.0,-1.0,0.0,1.0,0.0,-1.0,0.0,1.0,0.0,-1.0,-1.0,1.0,-1.0,0.0,1.0,0.0,-1.0,-1.0,-1.0,-1.0,0.0,0.0,0.0,1.0,0.0,-1.0,Deletion
285,ACH-000463,-0.326433657,-1.0,1.0,0.0,0.0,-1.0,-1.0,0.0,-1.0,0.0,0.0,-1.0,-1.0,0.0,0.0,-1.0,-1.0,-1.0,0.0,-1.0,0.0,-1.0,-1.0,-1.0,0.0,-1.0,0.0,0.0,0.0,0.0,0.0,0.0,-1.0,-1.0,-1.0,-1.0,0.0,0.0,-1.0,-1.0,Non-Deletion
286,ACH-000461,-0.055737825,-1.0,-1.0,-1.0,0.0,0.0,0.0,-1.0,-1.0,-1.0,-1.0,-1.0,-1.0,0.0,0.0,-1.0,1.0,-1.0,1.0,-1.0,0.0,-1.0,-1.0,-1.0,-1.0,-1.0,1.0,-1.0,-1.0,-1.0,-1.0,0.0,-1.0,-1.0,-1.0,0.0,1.0,1.0,-1.0,-1.0,Deletion
287,ACH-000458,-0.194079511,0.0,0.0,0.0,0.0,-1.0,1.0,0.0,1.0,1.0,1.0,0.0,0.0,0.0,0.0,1.0,1.0,1.0,0.0,0.0,0.0,1.0,0.0,0.0,0.0,0.0,1.0,0.0,-1.0,0.0,0.0,0.0,0.0,0.0,-1.0,0.0,0.0,1.0,0.0,-1.0,Non-Deletion
288,ACH-000457,-0.134014253,0.0,0.0,1.0,1.0,0.0,1.0,0.0,0.0,0.0,0.0,0.0,0.0,1.0,1.0,1.0,1.0,0.0,0.0,0.0,0.0,0.0,0.0,1.0,1.0,0.0,0.0,0.0,1.0,1.0,1.0,1.0,0.0,0.0,0.0,0.0,1.0,1.0,0.0,0.0,Non-Deletion
289,ACH-000456,-0.158433019,1.0,0.0,0.0,0.0,0.0,0.0,0.0,0.0,1.0,1.0,0.0,0.0,0.0,-1.0,-1.0,0.0,-1.0,0.0,-1.0,0.0,1.0,1.0,0.0,1.0,-1.0,0.0,1.0,0.0,-1.0,-1.0,1.0,0.0,0.0,0.0,0.0,1.0,1.0,0.0,-1.0,Deletion
290,ACH-000454,0.014369565,-1.0,-1.0,0.0,-1.0,-1.0,1.0,-1.0,-1.0,1.0,0.0,-1.0,-1.0,0.0,0.0,-1.0,0.0,-1.0,0.0,-1.0,-1.0,-1.0,-1.0,0.0,-1.0,0.0,-1.0,-1.0,-1.0,-1.0,-1.0,1.0,1.0,-1.0,-1.0,-1.0,0.0,0.0,-1.0,-1.0,Deletion
291,ACH-000452,0.250361444,-1.0,-1.0,0.0,-1.0,-1.0,1.0,-1.0,-1.0,1.0,0.0,-1.0,-1.0,0.0,-1.0,-1.0,0.0,0.0,0.0,0.0,-1.0,0.0,-1.0,1.0,0.0,-1.0,0.0,0.0,-1.0,0.0,-1.0,-1.0,-1.0,-1.0,0.0,0.0,-1.0,1.0,-1.0,0.0,Deletion
292,ACH-000450,-0.23402276,0.0,0.0,0.0,0.0,0.0,1.0,0.0,0.0,1.0,-1.0,1.0,1.0,1.0,1.0,-1.0,0.0,-1.0,0.0,-1.0,-1.0,0.0,-1.0,0.0,0.0,0.0,0.0,0.0,0.0,-1.0,-1.0,-1.0,0.0,0.0,0.0,0.0,1.0,1.0,0.0,1.0,Deletion
293,ACH-000449,-0.539478727,0.0,0.0,0.0,0.0,0.0,0.0,0.0,0.0,0.0,0.0,0.0,-1.0,-1.0,0.0,0.0,0.0,0.0,0.0,0.0,0.0,0.0,0.0,0.0,0.0,0.0,0.0,0.0,0.0,0.0,0.0,0.0,0.0,0.0,0.0,0.0,0.0,0.0,0.0,0.0,Non-Deletion
294,ACH-000447,-0.088488028,-1.0,0.0,0.0,0.0,-1.0,0.0,0.0,-1.0,1.0,1.0,0.0,-1.0,1.0,-1.0,-1.0,0.0,-1.0,1.0,-1.0,-1.0,0.0,1.0,0.0,0.0,-1.0,1.0,-1.0,0.0,1.0,-1.0,0.0,-1.0,-1.0,0.0,-1.0,0.0,-1.0,0.0,-1.0,Deletion
295,ACH-000445,0.073179633,0.0,0.0,0.0,0.0,0.0,1.0,1.0,0.0,1.0,0.0,1.0,0.0,1.0,0.0,0.0,0.0,0.0,0.0,0.0,1.0,0.0,0.0,0.0,0.0,0.0,0.0,0.0,-1.0,1.0,1.0,0.0,0.0,0.0,0.0,0.0,-1.0,0.0,1.0,0.0,Non-Deletion
296,ACH-000444,-0.315703803,-1.0,0.0,0.0,-1.0,0.0,0.0,-1.0,-1.0,0.0,0.0,0.0,-1.0,1.0,-1.0,-1.0,1.0,-1.0,-1.0,1.0,0.0,-1.0,-1.0,0.0,0.0,-1.0,-1.0,0.0,-1.0,-1.0,-1.0,0.0,-1.0,-1.0,-1.0,0.0,0.0,0.0,-1.0,-1.0,Deletion
297,ACH-000441,-0.354762536,0.0,1.0,1.0,1.0,0.0,1.0,0.0,0.0,0.0,1.0,1.0,-1.0,0.0,1.0,0.0,1.0,0.0,0.0,0.0,0.0,0.0,0.0,0.0,0.0,0.0,0.0,0.0,0.0,0.0,0.0,1.0,0.0,0.0,0.0,0.0,1.0,1.0,0.0,-1.0,Non-Deletion
298,ACH-000437,-0.187200909,0.0,-1.0,0.0,0.0,0.0,0.0,-1.0,0.0,1.0,1.0,-1.0,-1.0,1.0,1.0,-1.0,-1.0,-1.0,0.0,-1.0,-1.0,-1.0,-1.0,0.0,0.0,-1.0,-1.0,-1.0,0.0,0.0,-1.0,-1.0,-1.0,-1.0,-1.0,-1.0,1.0,1.0,0.0,-1.0,Deletion
299,ACH-000434,-0.511304636,0.0,0.0,0.0,0.0,0.0,0.0,-1.0,-1.0,-1.0,0.0,0.0,0.0,0.0,0.0,-1.0,0.0,-1.0,0.0,0.0,0.0,1.0,1.0,0.0,0.0,0.0,0.0,0.0,0.0,0.0,0.0,0.0,1.0,-1.0,0.0,0.0,0.0,0.0,0.0,0.0,Non-Deletion
300,ACH-000433,-0.677351445,0.0,1.0,0.0,0.0,-1.0,1.0,1.0,1.0,1.0,0.0,-1.0,0.0,0.0,1.0,0.0,1.0,0.0,-1.0,1.0,1.0,1.0,0.0,0.0,0.0,0.0,-1.0,0.0,0.0,0.0,-1.0,1.0,1.0,-1.0,-1.0,-1.0,-1.0,0.0,-1.0,-1.0,Deletion
301,ACH-000429,0.141466521,0.0,0.0,0.0,0.0,-1.0,0.0,0.0,0.0,0.0,1.0,0.0,-1.0,1.0,1.0,0.0,0.0,-1.0,-1.0,0.0,0.0,0.0,0.0,1.0,1.0,0.0,-1.0,0.0,1.0,-1.0,0.0,0.0,0.0,0.0,0.0,0.0,0.0,0.0,0.0,0.0,Non-Deletion
302,ACH-000427,-0.85085598,-1.0,0.0,0.0,0.0,-1.0,0.0,-1.0,0.0,0.0,0.0,-1.0,0.0,0.0,-1.0,-1.0,1.0,0.0,0.0,0.0,0.0,-1.0,0.0,0.0,0.0,0.0,-1.0,0.0,0.0,0.0,-1.0,0.0,-1.0,-1.0,-1.0,1.0,0.0,0.0,-1.0,0.0,Deletion
303,ACH-000425,-0.31504653,-1.0,0.0,0.0,0.0,0.0,0.0,0.0,-1.0,0.0,0.0,0.0,0.0,0.0,0.0,0.0,0.0,0.0,0.0,-1.0,-1.0,0.0,0.0,0.0,0.0,-1.0,0.0,0.0,-1.0,-1.0,0.0,0.0,0.0,-1.0,0.0,0.0,0.0,0.0,-1.0,0.0,Non-Deletion
305,ACH-000421,-0.218079386,-1.0,0.0,0.0,0.0,-1.0,0.0,0.0,0.0,0.0,1.0,0.0,0.0,0.0,0.0,-1.0,0.0,0.0,0.0,0.0,0.0,0.0,0.0,0.0,0.0,-1.0,0.0,0.0,0.0,0.0,-1.0,0.0,-1.0,-1.0,-1.0,-1.0,-1.0,1.0,0.0,-1.0,Deletion
306,ACH-000420,-0.707128795,0.0,1.0,0.0,1.0,0.0,0.0,0.0,-1.0,0.0,0.0,1.0,0.0,1.0,1.0,1.0,1.0,0.0,1.0,1.0,1.0,0.0,0.0,0.0,0.0,-1.0,1.0,0.0,0.0,0.0,0.0,1.0,0.0,0.0,0.0,1.0,1.0,1.0,0.0,0.0,Non-Deletion
307,ACH-000418,-0.220920161,0.0,0.0,0.0,0.0,0.0,0.0,0.0,0.0,0.0,0.0,0.0,0.0,1.0,1.0,0.0,0.0,0.0,0.0,0.0,0.0,0.0,0.0,0.0,0.0,0.0,0.0,0.0,0.0,0.0,0.0,0.0,0.0,0.0,0.0,0.0,0.0,0.0,0.0,0.0,Non-Deletion
308,ACH-000417,-0.640826967,-1.0,-1.0,0.0,0.0,0.0,0.0,-1.0,-1.0,-1.0,-1.0,-1.0,-1.0,-1.0,-1.0,-1.0,1.0,0.0,0.0,-1.0,-1.0,0.0,1.0,1.0,-1.0,-1.0,1.0,0.0,-1.0,-1.0,-1.0,0.0,0.0,-1.0,-1.0,-1.0,-1.0,0.0,-1.0,-1.0,Deletion
310,ACH-000415,0.192525555,0.0,0.0,0.0,0.0,-1.0,1.0,-1.0,-1.0,1.0,0.0,0.0,-1.0,1.0,0.0,-1.0,0.0,-1.0,1.0,-1.0,0.0,0.0,-1.0,0.0,0.0,-1.0,1.0,0.0,1.0,1.0,0.0,0.0,-1.0,-1.0,0.0,1.0,1.0,1.0,-1.0,-1.0,Non-Deletion
311,ACH-000414,-0.202545423,0.0,1.0,0.0,0.0,0.0,0.0,0.0,0.0,1.0,0.0,0.0,0.0,0.0,0.0,0.0,1.0,0.0,0.0,0.0,0.0,0.0,0.0,1.0,1.0,0.0,0.0,0.0,0.0,0.0,0.0,0.0,0.0,0.0,-1.0,1.0,0.0,0.0,0.0,0.0,Non-Deletion
312,ACH-000411,-0.297754679,0.0,1.0,0.0,0.0,-1.0,0.0,0.0,0.0,0.0,0.0,0.0,0.0,0.0,0.0,0.0,1.0,0.0,0.0,0.0,0.0,0.0,-1.0,0.0,0.0,0.0,-1.0,0.0,0.0,0.0,0.0,0.0,0.0,0.0,0.0,0.0,0.0,0.0,0.0,0.0,Non-Deletion
313,ACH-000408,-0.38300934,-1.0,0.0,0.0,0.0,-1.0,1.0,-1.0,-1.0,1.0,-1.0,0.0,0.0,1.0,-1.0,-1.0,0.0,-1.0,0.0,0.0,0.0,-1.0,0.0,1.0,0.0,0.0,0.0,-1.0,0.0,1.0,-1.0,1.0,0.0,-1.0,-1.0,-1.0,-1.0,1.0,-1.0,-1.0,Deletion
314,ACH-000407,0.142052436,-1.0,1.0,0.0,1.0,-1.0,-1.0,1.0,-1.0,1.0,-1.0,0.0,-1.0,1.0,1.0,-1.0,0.0,-1.0,-1.0,1.0,0.0,0.0,0.0,-1.0,0.0,-1.0,-1.0,0.0,-1.0,-1.0,-1.0,1.0,1.0,-1.0,-1.0,-1.0,1.0,0.0,-1.0,0.0,Deletion
315,ACH-000404,-0.360575741,-1.0,1.0,0.0,0.0,-1.0,0.0,-1.0,-1.0,0.0,0.0,0.0,0.0,1.0,1.0,0.0,0.0,-1.0,0.0,-1.0,-1.0,0.0,0.0,0.0,0.0,-1.0,-1.0,0.0,0.0,0.0,0.0,0.0,0.0,0.0,0.0,0.0,0.0,0.0,0.0,0.0,Non-Deletion
316,ACH-000403,-0.304267812,-1.0,1.0,0.0,0.0,-1.0,1.0,-1.0,-1.0,1.0,1.0,0.0,0.0,1.0,0.0,0.0,0.0,1.0,1.0,0.0,0.0,1.0,1.0,0.0,0.0,0.0,-1.0,-1.0,1.0,1.0,-1.0,1.0,-1.0,-1.0,0.0,0.0,-1.0,1.0,-1.0,-1.0,Deletion
317,ACH-000401,-0.113562344,0.0,-1.0,0.0,0.0,-1.0,1.0,-1.0,-1.0,1.0,-1.0,0.0,0.0,1.0,0.0,0.0,-1.0,-1.0,-1.0,-1.0,-1.0,-1.0,-1.0,-1.0,-1.0,0.0,-1.0,1.0,-1.0,-1.0,0.0,0.0,1.0,1.0,-1.0,-1.0,1.0,1.0,0.0,0.0,Non-Deletion
318,ACH-000397,0.260184797,0.0,0.0,1.0,0.0,-1.0,1.0,-1.0,0.0,1.0,0.0,0.0,0.0,1.0,1.0,1.0,1.0,-1.0,-1.0,0.0,0.0,0.0,1.0,1.0,1.0,-1.0,1.0,1.0,1.0,1.0,-1.0,1.0,1.0,-1.0,1.0,-1.0,1.0,1.0,-1.0,-1.0,Deletion
319,ACH-000396,-0.266587235,0.0,0.0,0.0,0.0,0.0,0.0,0.0,0.0,0.0,0.0,0.0,0.0,0.0,0.0,-1.0,0.0,0.0,0.0,0.0,-1.0,0.0,-1.0,0.0,0.0,1.0,0.0,0.0,0.0,0.0,-1.0,0.0,0.0,0.0,0.0,0.0,0.0,1.0,-1.0,-1.0,Deletion
320,ACH-000395,-0.757917473,-1.0,0.0,0.0,0.0,-1.0,0.0,-1.0,-1.0,0.0,0.0,-1.0,0.0,0.0,-1.0,-1.0,0.0,0.0,-1.0,-1.0,-1.0,0.0,0.0,-1.0,0.0,-1.0,-1.0,0.0,0.0,1.0,-1.0,0.0,-1.0,-1.0,-1.0,-1.0,-1.0,-1.0,-1.0,-1.0,Deletion
321,ACH-000393,-0.131561216,0.0,0.0,0.0,-1.0,-1.0,-1.0,1.0,-1.0,-1.0,0.0,0.0,0.0,0.0,-1.0,-1.0,-1.0,-1.0,-1.0,0.0,0.0,0.0,0.0,0.0,0.0,-1.0,-1.0,-1.0,0.0,0.0,0.0,0.0,1.0,0.0,-1.0,0.0,1.0,1.0,0.0,0.0,Non-Deletion
322,ACH-000391,-0.115545102,1.0,1.0,0.0,1.0,-1.0,0.0,-1.0,0.0,0.0,0.0,0.0,0.0,0.0,0.0,0.0,1.0,0.0,1.0,0.0,0.0,0.0,0.0,1.0,1.0,-1.0,0.0,0.0,0.0,0.0,0.0,0.0,0.0,0.0,0.0,0.0,0.0,0.0,0.0,0.0,Non-Deletion
323,ACH-000390,-0.4707246,-1.0,1.0,-1.0,0.0,-1.0,0.0,-1.0,-1.0,1.0,-1.0,0.0,-1.0,1.0,1.0,-1.0,0.0,-1.0,0.0,-1.0,0.0,-1.0,0.0,0.0,0.0,-1.0,0.0,0.0,-1.0,0.0,-1.0,0.0,0.0,-1.0,-1.0,0.0,1.0,0.0,-1.0,-1.0,Deletion
324,ACH-000389,-0.712020088,0.0,0.0,0.0,0.0,-1.0,1.0,1.0,0.0,1.0,0.0,0.0,-1.0,1.0,1.0,0.0,0.0,-1.0,0.0,-1.0,0.0,1.0,0.0,0.0,0.0,-1.0,0.0,0.0,0.0,0.0,-1.0,1.0,0.0,0.0,0.0,1.0,0.0,0.0,1.0,-1.0,Deletion
325,ACH-000384,-0.401717014,0.0,0.0,0.0,0.0,0.0,0.0,0.0,0.0,0.0,0.0,0.0,0.0,0.0,0.0,0.0,0.0,-1.0,0.0,0.0,0.0,-1.0,0.0,0.0,0.0,0.0,0.0,0.0,0.0,0.0,0.0,0.0,0.0,-1.0,-1.0,1.0,0.0,1.0,0.0,0.0,Non-Deletion
326,ACH-000383,-0.41455675,0.0,0.0,0.0,0.0,-1.0,0.0,-1.0,-1.0,-1.0,-1.0,0.0,0.0,0.0,0.0,-1.0,-1.0,-1.0,-1.0,0.0,0.0,0.0,-1.0,-1.0,-1.0,-1.0,-1.0,-1.0,-1.0,-1.0,-1.0,-1.0,-1.0,-1.0,-1.0,-1.0,1.0,1.0,-1.0,-1.0,Deletion
327,ACH-000376,-0.655790156,0.0,0.0,0.0,0.0,0.0,0.0,0.0,0.0,1.0,1.0,0.0,0.0,1.0,1.0,0.0,0.0,0.0,0.0,-1.0,-1.0,-1.0,0.0,0.0,0.0,0.0,-1.0,0.0,1.0,1.0,0.0,1.0,0.0,0.0,1.0,1.0,0.0,0.0,1.0,0.0,Non-Deletion
328,ACH-000375,0.428746168,0.0,0.0,1.0,1.0,0.0,0.0,0.0,0.0,0.0,0.0,0.0,0.0,0.0,0.0,0.0,0.0,0.0,0.0,0.0,0.0,0.0,0.0,0.0,0.0,0.0,0.0,0.0,0.0,0.0,0.0,0.0,0.0,0.0,0.0,0.0,0.0,0.0,0.0,0.0,Non-Deletion
329,ACH-000374,0.17163502,-1.0,0.0,-1.0,-1.0,-1.0,1.0,-1.0,-1.0,1.0,0.0,-1.0,0.0,-1.0,-1.0,-1.0,1.0,-1.0,-1.0,1.0,-1.0,-1.0,-1.0,-1.0,-1.0,-1.0,0.0,1.0,0.0,-1.0,0.0,0.0,1.0,0.0,-1.0,0.0,1.0,0.0,-1.0,1.0,Non-Deletion
330,ACH-000368,-0.423610063,0.0,0.0,-1.0,0.0,0.0,0.0,-1.0,0.0,0.0,0.0,0.0,0.0,1.0,1.0,0.0,0.0,0.0,0.0,-1.0,0.0,0.0,0.0,0.0,0.0,0.0,0.0,0.0,0.0,0.0,0.0,0.0,0.0,0.0,0.0,0.0,0.0,0.0,0.0,0.0,Non-Deletion
331,ACH-000367,-0.420570591,0.0,0.0,0.0,0.0,0.0,0.0,0.0,0.0,0.0,0.0,0.0,0.0,1.0,0.0,0.0,0.0,-1.0,0.0,0.0,0.0,0.0,0.0,0.0,0.0,0.0,-1.0,0.0,0.0,0.0,0.0,0.0,0.0,0.0,0.0,0.0,-1.0,0.0,0.0,-1.0,Non-Deletion
332,ACH-000364,-0.532045476,0.0,0.0,1.0,0.0,0.0,0.0,-1.0,0.0,1.0,0.0,0.0,0.0,1.0,0.0,0.0,0.0,-1.0,0.0,0.0,0.0,0.0,-1.0,0.0,-1.0,-1.0,0.0,0.0,-1.0,0.0,-1.0,0.0,1.0,-1.0,-1.0,0.0,0.0,1.0,-1.0,1.0,Deletion
333,ACH-000361,-0.377214804,0.0,0.0,0.0,0.0,-1.0,0.0,-1.0,-1.0,0.0,0.0,1.0,-1.0,1.0,1.0,0.0,0.0,-1.0,-1.0,0.0,0.0,0.0,0.0,1.0,1.0,0.0,0.0,0.0,-1.0,-1.0,1.0,1.0,-1.0,-1.0,-1.0,0.0,0.0,0.0,-1.0,0.0,Non-Deletion
334,ACH-000359,-0.275284459,0.0,1.0,0.0,0.0,-1.0,1.0,-1.0,-1.0,1.0,1.0,-1.0,0.0,0.0,-1.0,1.0,1.0,-1.0,0.0,0.0,0.0,0.0,0.0,1.0,0.0,0.0,-1.0,0.0,1.0,-1.0,-1.0,1.0,0.0,0.0,1.0,1.0,-1.0,0.0,0.0,0.0,Deletion
335,ACH-000356,-0.235293607,0.0,0.0,-1.0,0.0,0.0,0.0,-1.0,0.0,0.0,0.0,0.0,-1.0,1.0,0.0,-1.0,-1.0,-1.0,-1.0,-1.0,0.0,0.0,1.0,1.0,0.0,0.0,0.0,0.0,-1.0,0.0,0.0,0.0,0.0,-1.0,0.0,0.0,-1.0,1.0,-1.0,-1.0,Non-Deletion
336,ACH-000352,-0.526006385,0.0,0.0,0.0,0.0,-1.0,0.0,-1.0,-1.0,0.0,0.0,0.0,-1.0,0.0,0.0,-1.0,1.0,0.0,0.0,1.0,0.0,0.0,0.0,0.0,0.0,-1.0,0.0,-1.0,0.0,0.0,-1.0,1.0,-1.0,-1.0,-1.0,0.0,0.0,0.0,0.0,-1.0,Deletion
337,ACH-000351,-0.975065603,0.0,0.0,0.0,0.0,0.0,0.0,-1.0,0.0,1.0,1.0,0.0,0.0,0.0,1.0,-1.0,0.0,-1.0,1.0,-1.0,-1.0,0.0,0.0,-1.0,0.0,0.0,-1.0,-1.0,-1.0,-1.0,0.0,-1.0,-1.0,0.0,0.0,-1.0,0.0,1.0,0.0,-1.0,Non-Deletion
338,ACH-000347,-0.335041473,1.0,0.0,1.0,1.0,-1.0,0.0,0.0,-1.0,1.0,1.0,0.0,-1.0,1.0,1.0,-1.0,-1.0,-1.0,0.0,0.0,0.0,0.0,0.0,1.0,-1.0,-1.0,-1.0,0.0,0.0,1.0,1.0,1.0,1.0,-1.0,0.0,0.0,1.0,-1.0,-1.0,-1.0,Non-Deletion
339,ACH-000344,-0.812684604,-1.0,0.0,0.0,0.0,-1.0,-1.0,-1.0,-1.0,0.0,-1.0,-1.0,-1.0,0.0,0.0,-1.0,1.0,-1.0,-1.0,0.0,0.0,-1.0,-1.0,-1.0,-1.0,0.0,0.0,-1.0,-1.0,0.0,-1.0,0.0,-1.0,-1.0,-1.0,0.0,0.0,0.0,-1.0,-1.0,Deletion
340,ACH-000343,-0.350524733,1.0,1.0,1.0,1.0,0.0,0.0,0.0,0.0,0.0,0.0,1.0,0.0,1.0,1.0,-1.0,-1.0,0.0,0.0,-1.0,0.0,1.0,1.0,0.0,0.0,-1.0,0.0,0.0,0.0,0.0,-1.0,1.0,1.0,1.0,0.0,0.0,0.0,0.0,1.0,0.0,Deletion
342,ACH-000332,-0.197578654,-1.0,0.0,0.0,0.0,-1.0,1.0,0.0,0.0,-1.0,1.0,-1.0,0.0,1.0,1.0,-1.0,1.0,-1.0,1.0,-1.0,1.0,1.0,1.0,-1.0,0.0,0.0,1.0,0.0,0.0,0.0,-1.0,1.0,1.0,-1.0,-1.0,-1.0,-1.0,1.0,0.0,-1.0,Deletion
343,ACH-000331,-0.059627079,0.0,0.0,0.0,0.0,0.0,0.0,0.0,0.0,0.0,0.0,0.0,-1.0,0.0,0.0,-1.0,-1.0,-1.0,0.0,0.0,0.0,0.0,0.0,0.0,0.0,-1.0,0.0,0.0,0.0,0.0,-1.0,1.0,0.0,0.0,0.0,0.0,0.0,0.0,0.0,0.0,Deletion
344,ACH-000329,0.198338135,0.0,0.0,0.0,0.0,-1.0,0.0,0.0,0.0,0.0,0.0,0.0,0.0,1.0,1.0,0.0,0.0,0.0,0.0,0.0,0.0,0.0,0.0,0.0,0.0,0.0,0.0,0.0,0.0,0.0,0.0,0.0,-1.0,0.0,0.0,0.0,0.0,0.0,0.0,0.0,Non-Deletion
345,ACH-000324,-0.098533365,1.0,1.0,-1.0,-1.0,-1.0,0.0,-1.0,-1.0,0.0,0.0,0.0,0.0,0.0,-1.0,1.0,1.0,-1.0,-1.0,-1.0,-1.0,-1.0,0.0,1.0,0.0,-1.0,-1.0,-1.0,0.0,0.0,-1.0,1.0,-1.0,0.0,-1.0,0.0,1.0,1.0,-1.0,1.0,Deletion
346,ACH-000323,0.059525832,1.0,0.0,0.0,1.0,0.0,0.0,0.0,0.0,1.0,1.0,0.0,0.0,0.0,0.0,0.0,0.0,0.0,0.0,0.0,0.0,0.0,1.0,0.0,0.0,0.0,1.0,1.0,0.0,0.0,0.0,0.0,0.0,0.0,1.0,1.0,1.0,1.0,1.0,1.0,Non-Deletion
347,ACH-000322,-0.099331747,-1.0,0.0,0.0,0.0,1.0,1.0,-1.0,-1.0,0.0,1.0,0.0,-1.0,0.0,1.0,-1.0,0.0,-1.0,0.0,-1.0,-1.0,0.0,-1.0,0.0,0.0,0.0,0.0,0.0,0.0,0.0,0.0,0.0,0.0,-1.0,0.0,0.0,-1.0,1.0,0.0,0.0,Non-Deletion
348,ACH-000320,-0.123571591,1.0,1.0,1.0,-1.0,0.0,-1.0,0.0,-1.0,0.0,0.0,-1.0,-1.0,-1.0,-1.0,-1.0,-1.0,-1.0,1.0,-1.0,1.0,0.0,0.0,0.0,0.0,-1.0,0.0,0.0,0.0,-1.0,-1.0,0.0,0.0,-1.0,-1.0,0.0,1.0,1.0,0.0,-1.0,Deletion
349,ACH-000319,-0.575991332,0.0,1.0,0.0,0.0,1.0,0.0,0.0,0.0,1.0,0.0,1.0,1.0,0.0,0.0,1.0,1.0,0.0,1.0,0.0,0.0,0.0,-1.0,0.0,0.0,0.0,1.0,0.0,0.0,0.0,0.0,0.0,0.0,0.0,0.0,1.0,0.0,1.0,0.0,0.0,Non-Deletion
350,ACH-000318,-0.169675853,0.0,-1.0,0.0,-1.0,-1.0,1.0,-1.0,-1.0,1.0,-1.0,0.0,-1.0,0.0,0.0,-1.0,-1.0,-1.0,-1.0,-1.0,-1.0,-1.0,-1.0,0.0,0.0,-1.0,1.0,0.0,0.0,1.0,-1.0,-1.0,-1.0,-1.0,-1.0,-1.0,-1.0,0.0,-1.0,1.0,Deletion
352,ACH-000313,-0.101290759,-1.0,0.0,0.0,0.0,-1.0,0.0,0.0,0.0,1.0,1.0,0.0,-1.0,0.0,0.0,0.0,0.0,0.0,0.0,0.0,0.0,0.0,0.0,0.0,0.0,0.0,0.0,0.0,0.0,0.0,0.0,0.0,0.0,0.0,0.0,0.0,0.0,0.0,0.0,0.0,Non-Deletion
353,ACH-000312,-0.080356669,-1.0,1.0,0.0,0.0,-1.0,0.0,0.0,0.0,0.0,0.0,0.0,0.0,0.0,0.0,0.0,0.0,0.0,0.0,0.0,0.0,0.0,0.0,0.0,0.0,0.0,0.0,0.0,0.0,0.0,-1.0,-1.0,-1.0,-1.0,0.0,0.0,0.0,0.0,0.0,0.0,Deletion
354,ACH-000311,-0.806140349,0.0,1.0,1.0,0.0,0.0,0.0,1.0,0.0,1.0,1.0,0.0,0.0,1.0,0.0,1.0,1.0,0.0,0.0,1.0,1.0,0.0,0.0,0.0,1.0,0.0,1.0,1.0,0.0,0.0,1.0,1.0,0.0,-1.0,0.0,1.0,1.0,1.0,-1.0,0.0,Non-Deletion
355,ACH-000309,-0.33292135,0.0,-1.0,0.0,-1.0,-1.0,-1.0,1.0,1.0,-1.0,0.0,1.0,-1.0,1.0,1.0,0.0,1.0,-1.0,-1.0,0.0,-1.0,0.0,1.0,1.0,1.0,-1.0,1.0,0.0,-1.0,-1.0,-1.0,0.0,-1.0,-1.0,-1.0,0.0,0.0,0.0,0.0,-1.0,Deletion
356,ACH-000308,-0.42898987,0.0,0.0,0.0,0.0,-1.0,1.0,-1.0,-1.0,1.0,1.0,0.0,0.0,0.0,0.0,-1.0,0.0,-1.0,-1.0,-1.0,-1.0,-1.0,1.0,-1.0,-1.0,-1.0,0.0,0.0,0.0,0.0,0.0,0.0,0.0,-1.0,0.0,0.0,-1.0,1.0,-1.0,-1.0,Non-Deletion
357,ACH-000307,-0.336207801,0.0,-1.0,0.0,0.0,-1.0,0.0,-1.0,-1.0,0.0,0.0,-1.0,-1.0,0.0,0.0,-1.0,0.0,-1.0,-1.0,-1.0,0.0,0.0,0.0,0.0,0.0,0.0,0.0,0.0,-1.0,0.0,0.0,0.0,0.0,-1.0,-1.0,0.0,1.0,1.0,-1.0,0.0,Non-Deletion
358,ACH-000305,-0.71325552,-1.0,0.0,0.0,1.0,-1.0,0.0,-1.0,-1.0,0.0,-1.0,-1.0,0.0,0.0,-1.0,-1.0,0.0,1.0,0.0,-1.0,-1.0,-1.0,-1.0,1.0,-1.0,-1.0,0.0,-1.0,0.0,1.0,1.0,-1.0,1.0,-1.0,-1.0,-1.0,0.0,-1.0,-1.0,-1.0,Non-Deletion
359,ACH-000302,-0.261199634,0.0,1.0,1.0,0.0,-1.0,0.0,-1.0,-1.0,-1.0,-1.0,1.0,1.0,0.0,0.0,0.0,1.0,0.0,-1.0,-1.0,-1.0,-1.0,1.0,-1.0,-1.0,-1.0,0.0,-1.0,-1.0,-1.0,-1.0,1.0,1.0,-1.0,-1.0,1.0,1.0,1.0,-1.0,-1.0,Deletion
360,ACH-000296,-0.586661221,0.0,0.0,0.0,0.0,-1.0,1.0,-1.0,-1.0,0.0,0.0,0.0,0.0,0.0,0.0,-1.0,0.0,-1.0,0.0,-1.0,0.0,0.0,0.0,0.0,0.0,1.0,0.0,-1.0,0.0,-1.0,-1.0,-1.0,0.0,-1.0,-1.0,0.0,0.0,0.0,-1.0,-1.0,Deletion
361,ACH-000292,-0.58777358,0.0,0.0,0.0,-1.0,-1.0,-1.0,-1.0,-1.0,0.0,0.0,0.0,0.0,1.0,1.0,-1.0,-1.0,0.0,-1.0,-1.0,-1.0,-1.0,0.0,0.0,-1.0,-1.0,0.0,-1.0,-1.0,-1.0,-1.0,0.0,-1.0,-1.0,-1.0,0.0,-1.0,0.0,-1.0,-1.0,Deletion
362,ACH-000289,-0.065425341,0.0,0.0,0.0,0.0,0.0,0.0,0.0,0.0,0.0,0.0,-1.0,-1.0,1.0,1.0,0.0,0.0,-1.0,0.0,0.0,0.0,1.0,0.0,0.0,0.0,0.0,0.0,0.0,0.0,0.0,0.0,0.0,0.0,0.0,0.0,0.0,0.0,0.0,1.0,0.0,Non-Deletion
363,ACH-000288,-0.095203692,0.0,0.0,0.0,0.0,0.0,0.0,0.0,0.0,1.0,1.0,1.0,1.0,0.0,0.0,1.0,1.0,1.0,0.0,1.0,1.0,0.0,0.0,0.0,0.0,0.0,0.0,0.0,0.0,0.0,1.0,0.0,0.0,0.0,0.0,0.0,0.0,0.0,0.0,0.0,Non-Deletion
364,ACH-000281,-0.267050246,0.0,0.0,0.0,0.0,0.0,0.0,-1.0,-1.0,0.0,0.0,0.0,-1.0,1.0,0.0,-1.0,-1.0,-1.0,0.0,0.0,0.0,0.0,0.0,0.0,-1.0,0.0,-1.0,-1.0,-1.0,-1.0,-1.0,0.0,0.0,-1.0,-1.0,-1.0,0.0,0.0,0.0,0.0,Deletion
365,ACH-000280,-0.064121787,1.0,1.0,1.0,-1.0,0.0,0.0,-1.0,-1.0,0.0,0.0,0.0,-1.0,1.0,-1.0,-1.0,1.0,-1.0,-1.0,-1.0,0.0,0.0,0.0,1.0,1.0,0.0,1.0,0.0,0.0,0.0,-1.0,0.0,0.0,-1.0,-1.0,1.0,0.0,0.0,0.0,-1.0,Deletion
366,ACH-000279,0.484796816,1.0,1.0,0.0,0.0,0.0,-1.0,0.0,-1.0,1.0,-1.0,0.0,0.0,0.0,0.0,1.0,1.0,-1.0,0.0,-1.0,-1.0,-1.0,0.0,1.0,1.0,0.0,0.0,1.0,1.0,1.0,0.0,0.0,0.0,0.0,0.0,0.0,1.0,1.0,0.0,0.0,Non-Deletion
367,ACH-000278,-0.222871991,0.0,0.0,0.0,0.0,0.0,0.0,0.0,0.0,0.0,-1.0,0.0,-1.0,0.0,0.0,-1.0,0.0,-1.0,-1.0,0.0,0.0,-1.0,0.0,0.0,0.0,-1.0,-1.0,0.0,0.0,-1.0,-1.0,-1.0,-1.0,-1.0,-1.0,0.0,-1.0,0.0,-1.0,-1.0,Deletion
368,ACH-000277,-0.495658198,0.0,0.0,0.0,0.0,0.0,0.0,0.0,0.0,1.0,-1.0,0.0,0.0,0.0,0.0,0.0,0.0,-1.0,0.0,0.0,0.0,0.0,-1.0,0.0,0.0,0.0,-1.0,-1.0,0.0,0.0,0.0,0.0,0.0,-1.0,0.0,0.0,0.0,1.0,0.0,0.0,Non-Deletion
369,ACH-000276,-0.389429434,-1.0,-1.0,0.0,0.0,-1.0,0.0,-1.0,0.0,0.0,-1.0,-1.0,-1.0,-1.0,0.0,-1.0,1.0,-1.0,0.0,0.0,-1.0,-1.0,0.0,0.0,-1.0,-1.0,-1.0,-1.0,-1.0,-1.0,-1.0,0.0,0.0,-1.0,-1.0,0.0,1.0,0.0,0.0,-1.0,Deletion
370,ACH-000274,-0.243786653,0.0,1.0,0.0,0.0,0.0,0.0,-1.0,0.0,1.0,0.0,0.0,-1.0,1.0,0.0,0.0,0.0,-1.0,0.0,-1.0,0.0,0.0,0.0,0.0,0.0,0.0,0.0,0.0,0.0,0.0,-1.0,0.0,1.0,1.0,0.0,0.0,0.0,0.0,0.0,0.0,Deletion
371,ACH-000270,0.108792104,0.0,0.0,0.0,0.0,0.0,0.0,0.0,0.0,1.0,0.0,-1.0,-1.0,0.0,0.0,-1.0,1.0,0.0,0.0,-1.0,0.0,-1.0,0.0,0.0,0.0,-1.0,0.0,0.0,-1.0,-1.0,-1.0,0.0,-1.0,-1.0,-1.0,1.0,0.0,0.0,-1.0,0.0,Deletion
372,ACH-000268,-0.258149427,-1.0,1.0,1.0,1.0,0.0,0.0,-1.0,-1.0,1.0,0.0,0.0,0.0,1.0,1.0,0.0,1.0,-1.0,0.0,0.0,0.0,0.0,0.0,0.0,0.0,1.0,1.0,0.0,0.0,0.0,-1.0,0.0,0.0,-1.0,-1.0,1.0,0.0,0.0,0.0,1.0,Deletion
373,ACH-000266,-0.557727858,0.0,0.0,0.0,0.0,0.0,0.0,0.0,0.0,0.0,0.0,0.0,0.0,1.0,-1.0,0.0,1.0,-1.0,0.0,0.0,0.0,1.0,1.0,0.0,-1.0,0.0,1.0,-1.0,-1.0,-1.0,-1.0,1.0,0.0,-1.0,-1.0,-1.0,1.0,1.0,0.0,0.0,Deletion
374,ACH-000265,-0.126817106,0.0,0.0,0.0,0.0,0.0,0.0,0.0,0.0,1.0,1.0,0.0,1.0,1.0,1.0,-1.0,-1.0,0.0,1.0,-1.0,0.0,0.0,0.0,1.0,0.0,-1.0,1.0,-1.0,-1.0,0.0,0.0,1.0,0.0,-1.0,0.0,-1.0,-1.0,0.0,1.0,0.0,Non-Deletion
376,ACH-000261,-0.072432825,0.0,0.0,0.0,0.0,0.0,1.0,0.0,0.0,0.0,0.0,1.0,0.0,1.0,1.0,0.0,1.0,-1.0,0.0,1.0,0.0,0.0,0.0,0.0,0.0,0.0,0.0,0.0,0.0,0.0,1.0,0.0,1.0,-1.0,0.0,0.0,0.0,0.0,0.0,0.0,Non-Deletion
377,ACH-000260,-0.424022111,0.0,1.0,0.0,0.0,-1.0,0.0,0.0,1.0,0.0,0.0,0.0,-1.0,0.0,0.0,0.0,0.0,-1.0,0.0,0.0,0.0,0.0,-1.0,0.0,0.0,0.0,0.0,0.0,0.0,0.0,-1.0,1.0,0.0,0.0,-1.0,0.0,0.0,0.0,0.0,-1.0,Deletion
378,ACH-000259,-0.20247989,0.0,1.0,0.0,-1.0,0.0,1.0,-1.0,0.0,0.0,0.0,0.0,0.0,1.0,1.0,0.0,0.0,0.0,-1.0,0.0,0.0,-1.0,0.0,0.0,0.0,0.0,0.0,0.0,0.0,0.0,0.0,0.0,-1.0,0.0,0.0,0.0,0.0,0.0,0.0,1.0,Non-Deletion
379,ACH-000255,0.298386942,0.0,0.0,-1.0,-1.0,-1.0,0.0,-1.0,0.0,-1.0,-1.0,0.0,-1.0,0.0,-1.0,-1.0,1.0,-1.0,-1.0,0.0,0.0,0.0,-1.0,-1.0,0.0,-1.0,0.0,-1.0,-1.0,0.0,0.0,-1.0,0.0,-1.0,-1.0,-1.0,-1.0,-1.0,-1.0,-1.0,Non-Deletion
380,ACH-000252,-0.547527492,-1.0,0.0,0.0,0.0,0.0,0.0,0.0,0.0,-1.0,0.0,0.0,0.0,0.0,0.0,0.0,0.0,0.0,0.0,0.0,0.0,1.0,1.0,1.0,0.0,1.0,0.0,1.0,1.0,1.0,-1.0,0.0,-1.0,-1.0,0.0,0.0,1.0,1.0,-1.0,-1.0,Deletion
381,ACH-000250,0.036379169,0.0,0.0,0.0,-1.0,-1.0,0.0,0.0,0.0,0.0,0.0,0.0,0.0,-1.0,1.0,0.0,0.0,0.0,0.0,0.0,0.0,0.0,0.0,0.0,0.0,-1.0,-1.0,0.0,0.0,0.0,-1.0,0.0,-1.0,-1.0,-1.0,0.0,0.0,0.0,-1.0,0.0,Deletion
382,ACH-000244,-0.192097017,0.0,0.0,0.0,0.0,0.0,0.0,0.0,0.0,0.0,0.0,0.0,-1.0,1.0,1.0,0.0,0.0,-1.0,0.0,-1.0,-1.0,0.0,0.0,0.0,0.0,-1.0,0.0,0.0,-1.0,0.0,0.0,0.0,0.0,0.0,0.0,0.0,0.0,0.0,0.0,0.0,Non-Deletion
383,ACH-000243,-0.217379111,0.0,0.0,0.0,0.0,-1.0,1.0,-1.0,-1.0,1.0,-1.0,0.0,0.0,1.0,1.0,-1.0,1.0,-1.0,1.0,-1.0,0.0,1.0,1.0,0.0,-1.0,0.0,0.0,-1.0,0.0,0.0,-1.0,0.0,-1.0,-1.0,-1.0,0.0,-1.0,1.0,0.0,-1.0,Deletion
384,ACH-000242,-0.214712912,0.0,0.0,0.0,0.0,-1.0,0.0,-1.0,-1.0,0.0,0.0,0.0,-1.0,0.0,0.0,0.0,0.0,-1.0,-1.0,-1.0,-1.0,0.0,0.0,1.0,1.0,-1.0,1.0,1.0,-1.0,-1.0,-1.0,-1.0,0.0,0.0,0.0,1.0,0.0,0.0,-1.0,0.0,Deletion
385,ACH-000237,-0.229645462,0.0,-1.0,-1.0,-1.0,0.0,0.0,-1.0,-1.0,1.0,-1.0,0.0,0.0,-1.0,-1.0,0.0,0.0,-1.0,-1.0,0.0,-1.0,-1.0,0.0,0.0,0.0,-1.0,1.0,0.0,0.0,0.0,0.0,0.0,-1.0,-1.0,-1.0,0.0,1.0,1.0,-1.0,-1.0,Non-Deletion
386,ACH-000235,-0.539414841,-1.0,0.0,0.0,0.0,-1.0,-1.0,1.0,1.0,-1.0,-1.0,-1.0,-1.0,0.0,0.0,0.0,0.0,-1.0,-1.0,0.0,0.0,0.0,0.0,0.0,-1.0,1.0,0.0,0.0,0.0,0.0,-1.0,0.0,-1.0,-1.0,-1.0,-1.0,-1.0,1.0,0.0,0.0,Deletion
387,ACH-000232,0.35077645,0.0,0.0,0.0,0.0,0.0,0.0,0.0,-1.0,0.0,0.0,0.0,0.0,1.0,1.0,-1.0,-1.0,0.0,0.0,-1.0,0.0,0.0,0.0,-1.0,-1.0,-1.0,-1.0,0.0,-1.0,0.0,1.0,1.0,-1.0,-1.0,0.0,0.0,0.0,0.0,-1.0,-1.0,Non-Deletion
388,ACH-000231,-0.190388333,1.0,1.0,-1.0,-1.0,1.0,1.0,-1.0,-1.0,1.0,1.0,1.0,1.0,0.0,0.0,0.0,0.0,1.0,1.0,-1.0,0.0,-1.0,-1.0,0.0,0.0,-1.0,0.0,1.0,0.0,0.0,-1.0,-1.0,0.0,0.0,0.0,0.0,-1.0,0.0,0.0,0.0,Deletion
389,ACH-000228,-0.248859505,-1.0,0.0,0.0,0.0,-1.0,1.0,1.0,-1.0,1.0,0.0,0.0,0.0,0.0,0.0,-1.0,1.0,-1.0,0.0,0.0,0.0,0.0,0.0,-1.0,0.0,0.0,1.0,0.0,1.0,1.0,0.0,0.0,0.0,-1.0,0.0,0.0,0.0,1.0,0.0,0.0,Non-Deletion
390,ACH-000223,-0.372235989,-1.0,0.0,-1.0,-1.0,0.0,1.0,-1.0,0.0,1.0,-1.0,0.0,-1.0,0.0,-1.0,-1.0,1.0,-1.0,0.0,-1.0,-1.0,-1.0,0.0,0.0,-1.0,1.0,0.0,-1.0,-1.0,1.0,0.0,0.0,0.0,-1.0,0.0,0.0,0.0,1.0,-1.0,-1.0,Non-Deletion
391,ACH-000222,-0.239665743,-1.0,-1.0,0.0,0.0,-1.0,-1.0,-1.0,-1.0,0.0,0.0,-1.0,-1.0,1.0,0.0,0.0,0.0,-1.0,-1.0,0.0,0.0,0.0,-1.0,-1.0,0.0,-1.0,-1.0,-1.0,0.0,-1.0,-1.0,-1.0,-1.0,-1.0,-1.0,-1.0,0.0,0.0,-1.0,-1.0,Deletion
392,ACH-000221,-0.728167748,-1.0,0.0,0.0,-1.0,0.0,0.0,0.0,-1.0,-1.0,-1.0,0.0,-1.0,-1.0,0.0,-1.0,0.0,-1.0,-1.0,-1.0,1.0,0.0,0.0,0.0,0.0,-1.0,0.0,-1.0,-1.0,0.0,-1.0,-1.0,-1.0,-1.0,-1.0,0.0,1.0,0.0,-1.0,0.0,Deletion
393,ACH-000219,-0.821663388,0.0,1.0,0.0,-1.0,0.0,-1.0,0.0,-1.0,0.0,0.0,-1.0,-1.0,0.0,0.0,-1.0,0.0,1.0,0.0,-1.0,-1.0,-1.0,0.0,0.0,0.0,0.0,-1.0,0.0,0.0,0.0,0.0,0.0,-1.0,-1.0,0.0,0.0,0.0,0.0,-1.0,-1.0,Non-Deletion
395,ACH-000212,0.148260988,1.0,-1.0,-1.0,-1.0,-1.0,1.0,-1.0,0.0,1.0,0.0,1.0,-1.0,0.0,-1.0,-1.0,1.0,-1.0,-1.0,1.0,-1.0,1.0,1.0,1.0,-1.0,-1.0,-1.0,-1.0,-1.0,-1.0,-1.0,-1.0,1.0,-1.0,0.0,1.0,0.0,1.0,-1.0,-1.0,Deletion
396,ACH-000211,0.018753589,1.0,1.0,1.0,1.0,0.0,1.0,0.0,-1.0,0.0,1.0,1.0,0.0,1.0,1.0,-1.0,0.0,1.0,1.0,0.0,0.0,0.0,0.0,1.0,0.0,0.0,1.0,0.0,0.0,0.0,1.0,1.0,-1.0,0.0,1.0,1.0,0.0,0.0,1.0,0.0,Non-Deletion
397,ACH-000210,-0.015428007,0.0,0.0,0.0,0.0,0.0,0.0,0.0,0.0,0.0,0.0,0.0,0.0,0.0,0.0,0.0,1.0,0.0,0.0,0.0,0.0,0.0,0.0,0.0,0.0,0.0,0.0,0.0,0.0,0.0,0.0,0.0,-1.0,0.0,0.0,0.0,0.0,0.0,0.0,0.0,Non-Deletion
398,ACH-000209,-0.281669834,-1.0,1.0,0.0,0.0,-1.0,0.0,-1.0,-1.0,0.0,0.0,0.0,-1.0,1.0,0.0,-1.0,0.0,-1.0,-1.0,0.0,0.0,-1.0,-1.0,0.0,0.0,-1.0,0.0,-1.0,0.0,0.0,1.0,0.0,-1.0,-1.0,0.0,0.0,1.0,0.0,0.0,-1.0,Non-Deletion
399,ACH-000207,-0.22293483,-1.0,0.0,-1.0,0.0,-1.0,1.0,0.0,-1.0,1.0,0.0,0.0,-1.0,0.0,-1.0,-1.0,1.0,-1.0,-1.0,-1.0,-1.0,0.0,1.0,0.0,0.0,0.0,1.0,0.0,0.0,0.0,0.0,0.0,-1.0,-1.0,0.0,-1.0,-1.0,1.0,-1.0,0.0,Non-Deletion
400,ACH-000205,-0.081712883,0.0,-1.0,0.0,0.0,1.0,0.0,1.0,-1.0,1.0,0.0,0.0,0.0,1.0,1.0,1.0,1.0,-1.0,1.0,-1.0,0.0,0.0,0.0,-1.0,1.0,1.0,1.0,0.0,0.0,0.0,0.0,0.0,1.0,0.0,1.0,1.0,1.0,1.0,0.0,-1.0,Non-Deletion
401,ACH-000201,-0.201610027,0.0,0.0,0.0,0.0,0.0,0.0,0.0,0.0,0.0,0.0,0.0,0.0,0.0,0.0,0.0,0.0,0.0,0.0,0.0,0.0,0.0,0.0,0.0,0.0,0.0,0.0,0.0,0.0,0.0,0.0,0.0,0.0,0.0,0.0,0.0,0.0,0.0,0.0,0.0,Non-Deletion
402,ACH-000192,0.221196763,1.0,0.0,-1.0,-1.0,-1.0,1.0,-1.0,-1.0,-1.0,0.0,0.0,0.0,0.0,-1.0,0.0,0.0,-1.0,0.0,-1.0,-1.0,-1.0,-1.0,-1.0,-1.0,-1.0,-1.0,-1.0,-1.0,-1.0,0.0,0.0,0.0,-1.0,-1.0,1.0,-1.0,1.0,-1.0,-1.0,Non-Deletion
403,ACH-000191,-0.594319333,1.0,-1.0,-1.0,-1.0,0.0,1.0,0.0,-1.0,0.0,-1.0,-1.0,0.0,1.0,1.0,-1.0,1.0,-1.0,-1.0,-1.0,0.0,0.0,-1.0,0.0,0.0,-1.0,0.0,-1.0,-1.0,-1.0,-1.0,-1.0,0.0,0.0,-1.0,-1.0,-1.0,0.0,-1.0,-1.0,Deletion
404,ACH-000189,-0.38449679,0.0,0.0,1.0,1.0,-1.0,1.0,0.0,-1.0,1.0,1.0,1.0,-1.0,1.0,1.0,0.0,1.0,-1.0,1.0,-1.0,0.0,0.0,0.0,1.0,1.0,1.0,-1.0,1.0,1.0,1.0,1.0,1.0,-1.0,-1.0,1.0,0.0,1.0,1.0,1.0,1.0,Non-Deletion
405,ACH-000188,-0.363321155,0.0,0.0,0.0,0.0,-1.0,0.0,-1.0,0.0,1.0,-1.0,0.0,0.0,0.0,0.0,-1.0,0.0,-1.0,1.0,0.0,0.0,0.0,-1.0,0.0,0.0,0.0,1.0,0.0,0.0,0.0,0.0,0.0,-1.0,-1.0,0.0,0.0,0.0,0.0,-1.0,0.0,Non-Deletion
406,ACH-000186,-0.440939349,0.0,0.0,-1.0,-1.0,-1.0,0.0,-1.0,-1.0,0.0,-1.0,0.0,0.0,1.0,1.0,-1.0,0.0,-1.0,-1.0,0.0,-1.0,-1.0,-1.0,0.0,-1.0,0.0,0.0,-1.0,-1.0,-1.0,-1.0,-1.0,-1.0,-1.0,-1.0,-1.0,-1.0,0.0,0.0,-1.0,Deletion
407,ACH-000178,-0.017942218,0.0,0.0,-1.0,-1.0,-1.0,-1.0,-1.0,-1.0,1.0,0.0,-1.0,-1.0,0.0,0.0,-1.0,-1.0,0.0,0.0,-1.0,0.0,0.0,0.0,-1.0,-1.0,0.0,-1.0,-1.0,0.0,0.0,-1.0,-1.0,-1.0,-1.0,-1.0,-1.0,0.0,1.0,-1.0,0.0,Deletion
408,ACH-000176,-0.250049165,0.0,0.0,0.0,0.0,0.0,0.0,0.0,-1.0,1.0,1.0,0.0,0.0,1.0,1.0,0.0,0.0,0.0,0.0,0.0,0.0,0.0,0.0,0.0,0.0,0.0,-1.0,0.0,0.0,0.0,0.0,0.0,0.0,0.0,0.0,0.0,0.0,1.0,0.0,0.0,Non-Deletion
409,ACH-000174,-0.259369645,-1.0,-1.0,-1.0,0.0,-1.0,0.0,-1.0,-1.0,0.0,0.0,0.0,-1.0,-1.0,-1.0,-1.0,0.0,0.0,0.0,0.0,0.0,0.0,-1.0,0.0,-1.0,-1.0,0.0,0.0,0.0,0.0,-1.0,-1.0,-1.0,-1.0,0.0,0.0,1.0,1.0,-1.0,-1.0,Deletion
410,ACH-000171,-1.319302914,0.0,1.0,0.0,0.0,-1.0,0.0,0.0,-1.0,0.0,1.0,0.0,0.0,1.0,1.0,0.0,0.0,-1.0,-1.0,0.0,0.0,0.0,0.0,0.0,0.0,-1.0,-1.0,0.0,0.0,0.0,-1.0,0.0,0.0,0.0,0.0,0.0,0.0,0.0,0.0,0.0,Deletion
412,ACH-000164,-0.286464544,-1.0,0.0,0.0,0.0,-1.0,1.0,-1.0,-1.0,0.0,0.0,0.0,0.0,1.0,0.0,-1.0,0.0,-1.0,-1.0,-1.0,1.0,0.0,1.0,-1.0,0.0,-1.0,-1.0,0.0,0.0,-1.0,-1.0,1.0,0.0,-1.0,-1.0,-1.0,0.0,0.0,-1.0,-1.0,Deletion
413,ACH-000163,-0.300833268,-1.0,-1.0,0.0,-1.0,0.0,0.0,-1.0,-1.0,0.0,-1.0,-1.0,-1.0,1.0,-1.0,0.0,0.0,-1.0,-1.0,-1.0,-1.0,-1.0,0.0,-1.0,-1.0,-1.0,0.0,0.0,0.0,0.0,-1.0,-1.0,0.0,0.0,0.0,0.0,1.0,1.0,0.0,0.0,Deletion
414,ACH-000161,-0.234845844,-1.0,0.0,0.0,0.0,-1.0,0.0,-1.0,-1.0,0.0,0.0,0.0,-1.0,0.0,0.0,-1.0,-1.0,-1.0,0.0,0.0,0.0,0.0,0.0,0.0,0.0,0.0,0.0,0.0,0.0,0.0,-1.0,0.0,0.0,0.0,0.0,0.0,0.0,0.0,-1.0,-1.0,Deletion
415,ACH-000159,-0.201004381,0.0,0.0,0.0,-1.0,-1.0,0.0,-1.0,-1.0,0.0,0.0,-1.0,-1.0,0.0,0.0,-1.0,-1.0,-1.0,-1.0,0.0,0.0,0.0,0.0,0.0,0.0,0.0,-1.0,0.0,0.0,0.0,0.0,0.0,-1.0,-1.0,-1.0,0.0,1.0,0.0,-1.0,0.0,Non-Deletion
416,ACH-000155,-0.246614022,-1.0,0.0,0.0,0.0,-1.0,0.0,-1.0,-1.0,-1.0,-1.0,-1.0,-1.0,0.0,0.0,0.0,0.0,-1.0,-1.0,0.0,-1.0,-1.0,0.0,0.0,-1.0,0.0,1.0,-1.0,0.0,0.0,-1.0,1.0,-1.0,-1.0,0.0,0.0,0.0,1.0,0.0,0.0,Deletion
417,ACH-000153,-1.318446324,-1.0,-1.0,1.0,-1.0,-1.0,-1.0,-1.0,-1.0,1.0,0.0,-1.0,-1.0,-1.0,-1.0,-1.0,1.0,-1.0,0.0,-1.0,0.0,1.0,1.0,0.0,0.0,-1.0,-1.0,-1.0,0.0,0.0,-1.0,-1.0,-1.0,-1.0,0.0,-1.0,1.0,1.0,-1.0,-1.0,Deletion
418,ACH-000147,-0.078187437,-1.0,1.0,-1.0,-1.0,-1.0,0.0,-1.0,-1.0,0.0,0.0,0.0,-1.0,1.0,-1.0,-1.0,1.0,-1.0,-1.0,-1.0,1.0,-1.0,1.0,0.0,1.0,-1.0,1.0,0.0,0.0,-1.0,-1.0,1.0,-1.0,-1.0,-1.0,-1.0,0.0,1.0,0.0,-1.0,Deletion
419,ACH-000142,-0.278627889,0.0,0.0,0.0,0.0,-1.0,1.0,-1.0,-1.0,1.0,0.0,0.0,0.0,1.0,0.0,0.0,0.0,0.0,0.0,-1.0,0.0,-1.0,-1.0,1.0,1.0,-1.0,0.0,1.0,-1.0,0.0,-1.0,0.0,-1.0,-1.0,-1.0,0.0,1.0,1.0,-1.0,0.0,Deletion
420,ACH-000141,-0.20756764,-1.0,0.0,0.0,0.0,1.0,1.0,-1.0,0.0,0.0,1.0,-1.0,-1.0,1.0,1.0,0.0,0.0,-1.0,-1.0,0.0,-1.0,-1.0,0.0,0.0,0.0,0.0,1.0,0.0,1.0,1.0,-1.0,0.0,1.0,-1.0,-1.0,0.0,-1.0,0.0,-1.0,-1.0,Deletion
421,ACH-000139,-0.674241028,0.0,0.0,0.0,0.0,0.0,1.0,0.0,0.0,1.0,1.0,1.0,-1.0,1.0,1.0,-1.0,0.0,0.0,0.0,0.0,0.0,0.0,1.0,1.0,-1.0,1.0,1.0,0.0,-1.0,-1.0,-1.0,0.0,1.0,-1.0,0.0,0.0,-1.0,1.0,0.0,-1.0,Deletion
422,ACH-000138,-0.462770976,0.0,0.0,0.0,0.0,-1.0,0.0,0.0,0.0,0.0,0.0,0.0,-1.0,0.0,0.0,-1.0,0.0,-1.0,-1.0,0.0,0.0,-1.0,0.0,-1.0,0.0,-1.0,0.0,0.0,0.0,0.0,-1.0,0.0,-1.0,-1.0,-1.0,0.0,0.0,0.0,0.0,0.0,Deletion
423,ACH-000137,-0.192946132,1.0,0.0,0.0,0.0,0.0,1.0,0.0,0.0,1.0,0.0,1.0,0.0,1.0,0.0,-1.0,1.0,0.0,0.0,0.0,0.0,0.0,-1.0,0.0,0.0,0.0,0.0,0.0,0.0,0.0,0.0,0.0,0.0,0.0,0.0,0.0,0.0,1.0,1.0,0.0,Non-Deletion
424,ACH-000133,-0.227313668,0.0,-1.0,0.0,0.0,-1.0,-1.0,1.0,0.0,1.0,0.0,0.0,0.0,0.0,0.0,0.0,0.0,-1.0,-1.0,-1.0,0.0,1.0,0.0,1.0,-1.0,0.0,0.0,0.0,0.0,0.0,0.0,0.0,0.0,0.0,0.0,0.0,-1.0,0.0,0.0,-1.0,Non-Deletion
425,ACH-000132,-0.084800244,1.0,0.0,0.0,0.0,0.0,0.0,-1.0,-1.0,0.0,0.0,0.0,-1.0,-1.0,0.0,-1.0,0.0,-1.0,0.0,-1.0,0.0,0.0,0.0,0.0,0.0,0.0,0.0,-1.0,0.0,0.0,-1.0,0.0,0.0,-1.0,-1.0,0.0,0.0,0.0,-1.0,-1.0,Deletion
426,ACH-000123,-0.864901454,0.0,0.0,0.0,0.0,0.0,0.0,0.0,0.0,0.0,0.0,0.0,0.0,0.0,0.0,0.0,0.0,0.0,0.0,0.0,0.0,0.0,0.0,0.0,0.0,0.0,0.0,0.0,0.0,0.0,0.0,0.0,0.0,0.0,0.0,0.0,0.0,0.0,0.0,0.0,Non-Deletion
427,ACH-000118,0.051827126,0.0,0.0,0.0,0.0,0.0,0.0,-1.0,0.0,0.0,0.0,-1.0,-1.0,0.0,0.0,-1.0,0.0,-1.0,0.0,-1.0,-1.0,0.0,-1.0,0.0,-1.0,0.0,0.0,0.0,0.0,0.0,-1.0,0.0,0.0,0.0,0.0,-1.0,-1.0,0.0,0.0,-1.0,Deletion
428,ACH-000117,0.17011217,-1.0,0.0,0.0,0.0,-1.0,0.0,0.0,0.0,0.0,0.0,0.0,-1.0,-1.0,0.0,0.0,0.0,-1.0,0.0,-1.0,0.0,-1.0,-1.0,-1.0,0.0,0.0,0.0,-1.0,0.0,0.0,-1.0,-1.0,-1.0,-1.0,-1.0,0.0,-1.0,-1.0,-1.0,-1.0,Deletion
429,ACH-000108,-0.540120365,0.0,0.0,1.0,0.0,-1.0,0.0,1.0,-1.0,0.0,-1.0,-1.0,-1.0,1.0,-1.0,-1.0,0.0,-1.0,-1.0,-1.0,0.0,0.0,1.0,1.0,0.0,0.0,-1.0,0.0,1.0,1.0,0.0,-1.0,-1.0,-1.0,-1.0,-1.0,-1.0,0.0,0.0,-1.0,Non-Deletion
430,ACH-000107,-0.443312201,-1.0,0.0,0.0,0.0,0.0,0.0,0.0,0.0,0.0,0.0,-1.0,-1.0,0.0,0.0,-1.0,0.0,-1.0,-1.0,0.0,0.0,-1.0,1.0,0.0,-1.0,0.0,0.0,-1.0,0.0,0.0,-1.0,-1.0,-1.0,-1.0,-1.0,0.0,0.0,0.0,-1.0,-1.0,Deletion
431,ACH-000102,-0.692851351,0.0,0.0,0.0,0.0,1.0,1.0,0.0,0.0,1.0,0.0,0.0,0.0,0.0,0.0,1.0,1.0,0.0,0.0,0.0,0.0,0.0,0.0,0.0,0.0,0.0,1.0,1.0,0.0,0.0,0.0,0.0,0.0,0.0,0.0,0.0,1.0,1.0,0.0,1.0,Non-Deletion
432,ACH-000099,-0.268769217,-1.0,0.0,0.0,0.0,0.0,0.0,0.0,0.0,0.0,0.0,0.0,0.0,0.0,0.0,0.0,0.0,0.0,0.0,0.0,0.0,-1.0,0.0,0.0,0.0,0.0,0.0,0.0,0.0,0.0,-1.0,0.0,0.0,0.0,0.0,0.0,0.0,0.0,0.0,0.0,Deletion
433,ACH-000098,-0.230013507,0.0,-1.0,0.0,0.0,-1.0,0.0,1.0,-1.0,1.0,1.0,0.0,0.0,1.0,1.0,0.0,0.0,-1.0,0.0,-1.0,-1.0,0.0,0.0,0.0,0.0,-1.0,-1.0,0.0,-1.0,-1.0,-1.0,0.0,0.0,-1.0,-1.0,-1.0,1.0,1.0,0.0,-1.0,Deletion
434,ACH-000097,-0.424525863,-1.0,1.0,0.0,0.0,0.0,0.0,0.0,0.0,0.0,0.0,-1.0,-1.0,1.0,0.0,0.0,1.0,0.0,0.0,0.0,0.0,0.0,0.0,1.0,0.0,0.0,0.0,1.0,1.0,0.0,-1.0,0.0,1.0,1.0,0.0,0.0,-1.0,1.0,-1.0,0.0,Deletion
435,ACH-000096,-0.628926692,0.0,0.0,0.0,0.0,0.0,0.0,0.0,0.0,0.0,0.0,0.0,0.0,0.0,0.0,0.0,0.0,0.0,0.0,0.0,0.0,0.0,0.0,0.0,0.0,0.0,0.0,0.0,0.0,0.0,0.0,0.0,0.0,0.0,0.0,0.0,0.0,0.0,0.0,0.0,Non-Deletion
436,ACH-000092,-0.002240316,-1.0,0.0,0.0,-1.0,-1.0,0.0,0.0,-1.0,0.0,0.0,-1.0,0.0,0.0,0.0,-1.0,-1.0,-1.0,-1.0,-1.0,0.0,0.0,0.0,0.0,0.0,-1.0,-1.0,0.0,0.0,0.0,-1.0,0.0,0.0,-1.0,0.0,0.0,0.0,0.0,0.0,-1.0,Deletion
437,ACH-000091,-0.457086011,0.0,0.0,0.0,0.0,0.0,0.0,0.0,0.0,0.0,0.0,-1.0,0.0,-1.0,-1.0,0.0,1.0,0.0,-1.0,0.0,0.0,0.0,0.0,0.0,0.0,0.0,0.0,0.0,0.0,0.0,0.0,0.0,-1.0,-1.0,0.0,0.0,0.0,0.0,0.0,0.0,Non-Deletion
438,ACH-000090,-0.396794515,0.0,0.0,0.0,0.0,1.0,1.0,-1.0,-1.0,0.0,-1.0,-1.0,-1.0,1.0,1.0,-1.0,1.0,-1.0,-1.0,-1.0,-1.0,0.0,1.0,-1.0,0.0,0.0,1.0,-1.0,-1.0,-1.0,-1.0,1.0,1.0,0.0,0.0,-1.0,1.0,1.0,1.0,-1.0,Deletion
439,ACH-000087,-0.427951815,1.0,1.0,0.0,0.0,0.0,0.0,0.0,0.0,0.0,0.0,0.0,0.0,1.0,1.0,0.0,1.0,0.0,1.0,0.0,0.0,0.0,0.0,1.0,1.0,0.0,0.0,0.0,0.0,0.0,0.0,-1.0,0.0,0.0,0.0,0.0,0.0,0.0,0.0,0.0,Non-Deletion
440,ACH-000086,-0.216007993,0.0,0.0,0.0,0.0,0.0,0.0,0.0,0.0,1.0,1.0,0.0,0.0,0.0,0.0,0.0,1.0,0.0,0.0,0.0,0.0,0.0,0.0,0.0,0.0,0.0,0.0,0.0,0.0,0.0,0.0,0.0,0.0,0.0,0.0,0.0,1.0,1.0,0.0,0.0,Non-Deletion
441,ACH-000082,-0.417949101,1.0,0.0,0.0,0.0,0.0,0.0,0.0,0.0,0.0,0.0,0.0,-1.0,-1.0,0.0,1.0,1.0,-1.0,0.0,0.0,0.0,0.0,0.0,1.0,0.0,0.0,0.0,0.0,0.0,0.0,0.0,0.0,1.0,0.0,0.0,0.0,1.0,0.0,-1.0,1.0,Non-Deletion
442,ACH-000066,-0.161546768,0.0,1.0,1.0,1.0,-1.0,1.0,1.0,0.0,1.0,0.0,-1.0,0.0,1.0,0.0,-1.0,0.0,1.0,0.0,-1.0,0.0,0.0,0.0,0.0,0.0,0.0,1.0,0.0,1.0,0.0,0.0,0.0,-1.0,-1.0,0.0,0.0,1.0,-1.0,1.0,-1.0,Non-Deletion
443,ACH-000062,0.041109937,1.0,1.0,1.0,1.0,1.0,1.0,0.0,0.0,0.0,0.0,0.0,0.0,1.0,1.0,0.0,0.0,0.0,1.0,0.0,0.0,0.0,0.0,0.0,1.0,0.0,0.0,0.0,0.0,0.0,0.0,0.0,1.0,1.0,0.0,0.0,0.0,0.0,0.0,0.0,Non-Deletion
444,ACH-000060,-0.354349006,-1.0,0.0,0.0,0.0,-1.0,0.0,0.0,-1.0,0.0,0.0,0.0,-1.0,0.0,0.0,-1.0,1.0,0.0,0.0,-1.0,0.0,0.0,0.0,0.0,0.0,-1.0,0.0,0.0,-1.0,0.0,-1.0,0.0,0.0,-1.0,0.0,0.0,0.0,0.0,-1.0,-1.0,Deletion
445,ACH-000054,-0.125945498,0.0,0.0,0.0,-1.0,0.0,1.0,0.0,0.0,0.0,0.0,0.0,0.0,0.0,0.0,0.0,0.0,0.0,0.0,0.0,0.0,0.0,-1.0,0.0,0.0,0.0,0.0,0.0,0.0,0.0,0.0,0.0,-1.0,0.0,0.0,0.0,0.0,0.0,0.0,0.0,Non-Deletion
447,ACH-000048,-0.913952127,0.0,0.0,0.0,0.0,0.0,0.0,0.0,0.0,0.0,0.0,0.0,0.0,1.0,1.0,0.0,-1.0,0.0,0.0,1.0,0.0,0.0,0.0,0.0,0.0,0.0,1.0,0.0,0.0,0.0,0.0,0.0,0.0,0.0,0.0,0.0,0.0,-1.0,0.0,0.0,Non-Deletion
448,ACH-000047,-0.680665457,0.0,0.0,0.0,-1.0,-1.0,0.0,-1.0,-1.0,1.0,-1.0,0.0,0.0,1.0,0.0,0.0,0.0,-1.0,-1.0,0.0,0.0,1.0,-1.0,0.0,0.0,-1.0,-1.0,-1.0,1.0,-1.0,-1.0,1.0,0.0,0.0,-1.0,1.0,0.0,-1.0,0.0,-1.0,Deletion
449,ACH-000046,0.412852985,0.0,0.0,0.0,1.0,0.0,0.0,0.0,0.0,0.0,0.0,0.0,0.0,1.0,1.0,0.0,0.0,0.0,0.0,0.0,0.0,0.0,0.0,1.0,1.0,0.0,0.0,0.0,1.0,1.0,0.0,0.0,0.0,0.0,0.0,0.0,0.0,0.0,0.0,0.0,Non-Deletion
450,ACH-000042,-0.276172541,-1.0,0.0,0.0,0.0,-1.0,0.0,-1.0,-1.0,-1.0,0.0,-1.0,-1.0,0.0,-1.0,-1.0,0.0,-1.0,-1.0,-1.0,-1.0,0.0,0.0,0.0,0.0,-1.0,0.0,0.0,0.0,0.0,-1.0,1.0,0.0,-1.0,0.0,0.0,0.0,0.0,-1.0,0.0,Deletion
451,ACH-000040,0.252305766,0.0,-1.0,0.0,0.0,1.0,1.0,-1.0,-1.0,0.0,-1.0,1.0,0.0,1.0,1.0,0.0,0.0,-1.0,-1.0,-1.0,-1.0,-1.0,0.0,1.0,1.0,-1.0,-1.0,0.0,1.0,-1.0,0.0,0.0,0.0,1.0,1.0,0.0,1.0,1.0,0.0,1.0,Non-Deletion
452,ACH-000037,-0.427472293,1.0,1.0,1.0,1.0,1.0,1.0,1.0,-1.0,-1.0,1.0,1.0,1.0,1.0,1.0,0.0,0.0,0.0,-1.0,-1.0,1.0,1.0,-1.0,0.0,1.0,-1.0,1.0,0.0,-1.0,1.0,-1.0,1.0,1.0,-1.0,1.0,1.0,1.0,1.0,-1.0,1.0,Deletion
453,ACH-000035,0.4279987,0.0,0.0,0.0,0.0,0.0,0.0,0.0,0.0,1.0,0.0,-1.0,-1.0,1.0,0.0,-1.0,0.0,0.0,-1.0,-1.0,0.0,-1.0,0.0,0.0,0.0,-1.0,0.0,0.0,0.0,1.0,0.0,0.0,0.0,0.0,-1.0,1.0,0.0,1.0,0.0,0.0,Non-Deletion
454,ACH-000030,-0.261859965,0.0,0.0,0.0,0.0,0.0,1.0,0.0,0.0,1.0,0.0,0.0,-1.0,1.0,1.0,-1.0,1.0,-1.0,1.0,0.0,-1.0,0.0,0.0,1.0,0.0,0.0,-1.0,0.0,1.0,0.0,1.0,0.0,1.0,-1.0,0.0,0.0,1.0,1.0,-1.0,0.0,Non-Deletion
455,ACH-000027,-0.202820318,-1.0,0.0,0.0,0.0,0.0,0.0,0.0,0.0,0.0,0.0,0.0,-1.0,1.0,1.0,0.0,0.0,0.0,0.0,-1.0,-1.0,0.0,0.0,0.0,0.0,0.0,-1.0,0.0,0.0,0.0,0.0,0.0,0.0,-1.0,0.0,0.0,0.0,0.0,0.0,-1.0,Non-Deletion
457,ACH-000022,0.351241062,-1.0,0.0,0.0,0.0,0.0,1.0,-1.0,-1.0,0.0,-1.0,0.0,0.0,0.0,1.0,-1.0,1.0,-1.0,-1.0,1.0,1.0,1.0,1.0,-1.0,1.0,1.0,0.0,0.0,0.0,0.0,-1.0,-1.0,1.0,-1.0,-1.0,0.0,1.0,1.0,-1.0,-1.0,Deletion
458,ACH-000021,-0.212688603,1.0,0.0,0.0,0.0,-1.0,-1.0,-1.0,-1.0,1.0,1.0,1.0,0.0,1.0,0.0,1.0,0.0,-1.0,-1.0,-1.0,-1.0,-1.0,1.0,-1.0,0.0,-1.0,0.0,-1.0,0.0,-1.0,0.0,0.0,-1.0,0.0,-1.0,-1.0,-1.0,0.0,1.0,-1.0,Non-Deletion
459,ACH-000019,-0.549835243,-1.0,0.0,0.0,0.0,0.0,0.0,-1.0,0.0,1.0,1.0,0.0,0.0,0.0,0.0,-1.0,1.0,0.0,0.0,0.0,0.0,-1.0,-1.0,-1.0,0.0,-1.0,0.0,1.0,0.0,-1.0,0.0,0.0,0.0,-1.0,-1.0,-1.0,0.0,1.0,-1.0,-1.0,Non-Deletion
460,ACH-000018,-0.135591141,0.0,-1.0,-1.0,-1.0,-1.0,0.0,-1.0,-1.0,0.0,0.0,-1.0,-1.0,-1.0,-1.0,-1.0,0.0,-1.0,0.0,-1.0,-1.0,1.0,1.0,0.0,0.0,0.0,0.0,1.0,0.0,0.0,0.0,0.0,-1.0,-1.0,-1.0,-1.0,1.0,1.0,-1.0,0.0,Non-Deletion
461,ACH-000015,0.149825075,0.0,0.0,0.0,-1.0,-1.0,0.0,-1.0,-1.0,1.0,-1.0,0.0,0.0,0.0,0.0,-1.0,1.0,-1.0,-1.0,0.0,0.0,0.0,0.0,-1.0,0.0,-1.0,0.0,-1.0,-1.0,0.0,-1.0,0.0,-1.0,0.0,-1.0,-1.0,0.0,0.0,0.0,-1.0,Deletion
462,ACH-000014,-0.115875164,0.0,0.0,0.0,0.0,0.0,0.0,0.0,0.0,0.0,0.0,0.0,0.0,1.0,1.0,-1.0,0.0,0.0,0.0,0.0,0.0,0.0,0.0,0.0,0.0,0.0,0.0,-1.0,0.0,0.0,0.0,0.0,-1.0,-1.0,0.0,0.0,0.0,1.0,1.0,0.0,Non-Deletion
463,ACH-000013,-0.024985204,0.0,0.0,0.0,0.0,0.0,1.0,1.0,0.0,1.0,0.0,-1.0,0.0,0.0,0.0,0.0,0.0,0.0,-1.0,-1.0,0.0,1.0,-1.0,1.0,0.0,-1.0,0.0,-1.0,-1.0,-1.0,0.0,1.0,1.0,-1.0,-1.0,-1.0,0.0,1.0,1.0,-1.0,Non-Deletion
464,ACH-000012,-0.196774011,0.0,0.0,0.0,0.0,-1.0,0.0,0.0,-1.0,0.0,0.0,-1.0,-1.0,0.0,0.0,-1.0,-1.0,0.0,0.0,-1.0,-1.0,-1.0,0.0,1.0,0.0,-1.0,0.0,-1.0,-1.0,0.0,1.0,-1.0,-1.0,-1.0,-1.0,-1.0,0.0,0.0,-1.0,-1.0,Non-Deletion
465,ACH-000008,-0.018256941,0.0,0.0,0.0,0.0,-1.0,0.0,0.0,-1.0,0.0,-1.0,0.0,-1.0,1.0,1.0,-1.0,-1.0,-1.0,-1.0,-1.0,-1.0,-1.0,-1.0,0.0,0.0,0.0,-1.0,-1.0,-1.0,-1.0,0.0,0.0,-1.0,-1.0,0.0,0.0,-1.0,1.0,0.0,0.0,Non-Deletion
466,ACH-000007,0.013399836,0.0,1.0,0.0,0.0,0.0,0.0,0.0,0.0,1.0,1.0,0.0,0.0,1.0,1.0,0.0,0.0,1.0,1.0,0.0,0.0,0.0,0.0,0.0,0.0,1.0,0.0,0.0,0.0,0.0,0.0,0.0,0.0,0.0,0.0,0.0,0.0,0.0,0.0,0.0,Non-Deletion
