Compound Name,DiscoveRx Gene Symbol,Entrez Gene Symbol,Inhibition,Compound Concentration (nM)
MEL-0495(R)Pharmaron-2nd Batch,AAK1,AAK1,61,1000
MEL-0495(R)Pharmaron-2nd Batch,ABL1(E255K)-phosphorylated,ABL1,36,1000
MEL-0495(R)Pharmaron-2nd Batch,ABL1(F317I)-nonphosphorylated,ABL1,3,1000
MEL-0495(R)Pharmaron-2nd Batch,ABL1(F317I)-phosphorylated,ABL1,0,1000
MEL-0495(R)Pharmaron-2nd Batch,ABL1(F317L)-nonphosphorylated,ABL1,0,1000
MEL-0495(R)Pharmaron-2nd Batch,ABL1(F317L)-phosphorylated,ABL1,30,1000
MEL-0495(R)Pharmaron-2nd Batch,ABL1(H396P)-nonphosphorylated,ABL1,51,1000
MEL-0495(R)Pharmaron-2nd Batch,ABL1(H396P)-phosphorylated,ABL1,23,1000
MEL-0495(R)Pharmaron-2nd Batch,ABL1(M351T)-phosphorylated,ABL1,38,1000
MEL-0495(R)Pharmaron-2nd Batch,ABL1(Q252H)-nonphosphorylated,ABL1,40,1000
MEL-0495(R)Pharmaron-2nd Batch,ABL1(Q252H)-phosphorylated,ABL1,14,1000
MEL-0495(R)Pharmaron-2nd Batch,ABL1(T315I)-nonphosphorylated,ABL1,16,1000
MEL-0495(R)Pharmaron-2nd Batch,ABL1(T315I)-phosphorylated,ABL1,20,1000
MEL-0495(R)Pharmaron-2nd Batch,ABL1(Y253F)-phosphorylated,ABL1,30,1000
MEL-0495(R)Pharmaron-2nd Batch,ABL1-nonphosphorylated,ABL1,37,1000
MEL-0495(R)Pharmaron-2nd Batch,ABL1-phosphorylated,ABL1,21,1000
MEL-0495(R)Pharmaron-2nd Batch,ABL2,ABL2,11,1000
MEL-0495(R)Pharmaron-2nd Batch,ACVR1,ACVR1,81,1000
MEL-0495(R)Pharmaron-2nd Batch,ACVR1B,ACVR1B,38,1000
MEL-0495(R)Pharmaron-2nd Batch,ACVR2A,ACVR2A,33,1000
MEL-0495(R)Pharmaron-2nd Batch,ACVR2B,ACVR2B,22,1000
MEL-0495(R)Pharmaron-2nd Batch,ACVRL1,ACVRL1,53,1000
MEL-0495(R)Pharmaron-2nd Batch,ADCK3,CABC1,33,1000
MEL-0495(R)Pharmaron-2nd Batch,ADCK4,ADCK4,34,1000
MEL-0495(R)Pharmaron-2nd Batch,AKT1,AKT1,8,1000
MEL-0495(R)Pharmaron-2nd Batch,AKT2,AKT2,27,1000
MEL-0495(R)Pharmaron-2nd Batch,AKT3,AKT3,0,1000
MEL-0495(R)Pharmaron-2nd Batch,ALK,ALK,34,1000
MEL-0495(R)Pharmaron-2nd Batch,ALK(C1156Y),ALK,36,1000
MEL-0495(R)Pharmaron-2nd Batch,ALK(L1196M),ALK,36,1000
MEL-0495(R)Pharmaron-2nd Batch,AMPK-alpha1,PRKAA1,18,1000
MEL-0495(R)Pharmaron-2nd Batch,AMPK-alpha2,PRKAA2,42,1000
MEL-0495(R)Pharmaron-2nd Batch,ANKK1,ANKK1,0,1000
MEL-0495(R)Pharmaron-2nd Batch,ARK5,NUAK1,23,1000
MEL-0495(R)Pharmaron-2nd Batch,ASK1,MAP3K5,8,1000
MEL-0495(R)Pharmaron-2nd Batch,ASK2,MAP3K6,34,1000
MEL-0495(R)Pharmaron-2nd Batch,AURKA,AURKA,27,1000
MEL-0495(R)Pharmaron-2nd Batch,AURKB,AURKB,4,1000
MEL-0495(R)Pharmaron-2nd Batch,AURKC,AURKC,8,1000
MEL-0495(R)Pharmaron-2nd Batch,AXL,AXL,16,1000
MEL-0495(R)Pharmaron-2nd Batch,BIKE,BMP2K,55,1000
MEL-0495(R)Pharmaron-2nd Batch,BLK,BLK,46,1000
MEL-0495(R)Pharmaron-2nd Batch,BMPR1A,BMPR1A,45,1000
MEL-0495(R)Pharmaron-2nd Batch,BMPR1B,BMPR1B,13,1000
MEL-0495(R)Pharmaron-2nd Batch,BMPR2,BMPR2,0,1000
MEL-0495(R)Pharmaron-2nd Batch,BMX,BMX,29,1000
MEL-0495(R)Pharmaron-2nd Batch,BRAF,BRAF,0,1000
MEL-0495(R)Pharmaron-2nd Batch,BRAF(V600E),BRAF,0,1000
MEL-0495(R)Pharmaron-2nd Batch,BRK,PTK6,6,1000
MEL-0495(R)Pharmaron-2nd Batch,BRSK1,BRSK1,44,1000
MEL-0495(R)Pharmaron-2nd Batch,BRSK2,BRSK2,43,1000
MEL-0495(R)Pharmaron-2nd Batch,BTK,BTK,29,1000
MEL-0495(R)Pharmaron-2nd Batch,BUB1,BUB1,94.4,1000
MEL-0495(R)Pharmaron-2nd Batch,CAMK1,CAMK1,37,1000
MEL-0495(R)Pharmaron-2nd Batch,CAMK1B,PNCK,2,1000
MEL-0495(R)Pharmaron-2nd Batch,CAMK1D,CAMK1D,34,1000
MEL-0495(R)Pharmaron-2nd Batch,CAMK1G,CAMK1G,45,1000
MEL-0495(R)Pharmaron-2nd Batch,CAMK2A,CAMK2A,72,1000
MEL-0495(R)Pharmaron-2nd Batch,CAMK2B,CAMK2B,45,1000
MEL-0495(R)Pharmaron-2nd Batch,CAMK2D,CAMK2D,75,1000
MEL-0495(R)Pharmaron-2nd Batch,CAMK2G,CAMK2G,43,1000
MEL-0495(R)Pharmaron-2nd Batch,CAMK4,CAMK4,36,1000
MEL-0495(R)Pharmaron-2nd Batch,CAMKK1,CAMKK1,44,1000
MEL-0495(R)Pharmaron-2nd Batch,CAMKK2,CAMKK2,46,1000
MEL-0495(R)Pharmaron-2nd Batch,CASK,CASK,23,1000
MEL-0495(R)Pharmaron-2nd Batch,CDC2L1,CDK11,99.6,1000
MEL-0495(R)Pharmaron-2nd Batch,CDC2L2,PITSLRE,95.3,1000
MEL-0495(R)Pharmaron-2nd Batch,CDC2L5,CDK13,58,1000
MEL-0495(R)Pharmaron-2nd Batch,CDK11,CDK19,0,1000
MEL-0495(R)Pharmaron-2nd Batch,CDK2,CDK2,42,1000
MEL-0495(R)Pharmaron-2nd Batch,CDK3,CDK3,43,1000
MEL-0495(R)Pharmaron-2nd Batch,CDK4,CDK4,0,1000
MEL-0495(R)Pharmaron-2nd Batch,CDK4-cyclinD1,CDK4,56,1000
MEL-0495(R)Pharmaron-2nd Batch,CDK4-cyclinD3,CDK4,74,1000
MEL-0495(R)Pharmaron-2nd Batch,CDK5,CDK5,32,1000
MEL-0495(R)Pharmaron-2nd Batch,CDK7,CDK7,95.2,1000
MEL-0495(R)Pharmaron-2nd Batch,CDK8,CDK8,12,1000
MEL-0495(R)Pharmaron-2nd Batch,CDK9,CDK9,65,1000
MEL-0495(R)Pharmaron-2nd Batch,CDKL1,CDKL1,79,1000
MEL-0495(R)Pharmaron-2nd Batch,CDKL2,CDKL2,80,1000
MEL-0495(R)Pharmaron-2nd Batch,CDKL3,CDKL3,53,1000
MEL-0495(R)Pharmaron-2nd Batch,CDKL5,CDKL5,94.9,1000
MEL-0495(R)Pharmaron-2nd Batch,CHEK1,CHEK1,0,1000
MEL-0495(R)Pharmaron-2nd Batch,CHEK2,CHEK2,29,1000
MEL-0495(R)Pharmaron-2nd Batch,CIT,CIT,99.85,1000
MEL-0495(R)Pharmaron-2nd Batch,CLK1,CLK1,54,1000
MEL-0495(R)Pharmaron-2nd Batch,CLK2,CLK2,50,1000
MEL-0495(R)Pharmaron-2nd Batch,CLK3,CLK3,21,1000
MEL-0495(R)Pharmaron-2nd Batch,CLK4,CLK4,73,1000
MEL-0495(R)Pharmaron-2nd Batch,CSF1R,CSF1R,52,1000
MEL-0495(R)Pharmaron-2nd Batch,CSF1R-autoinhibited,CSF1R,5,1000
MEL-0495(R)Pharmaron-2nd Batch,CSK,CSK,16,1000
MEL-0495(R)Pharmaron-2nd Batch,CSNK1A1,CSNK1A1,83,1000
MEL-0495(R)Pharmaron-2nd Batch,CSNK1A1L,CSNK1A1L,36,1000
MEL-0495(R)Pharmaron-2nd Batch,CSNK1D,CSNK1D,75,1000
MEL-0495(R)Pharmaron-2nd Batch,CSNK1E,CSNK1E,80,1000
MEL-0495(R)Pharmaron-2nd Batch,CSNK1G1,CSNK1G1,27,1000
MEL-0495(R)Pharmaron-2nd Batch,CSNK1G2,CSNK1G2,21,1000
MEL-0495(R)Pharmaron-2nd Batch,CSNK1G3,CSNK1G3,0,1000
MEL-0495(R)Pharmaron-2nd Batch,CSNK2A1,CSNK2A1,84,1000
MEL-0495(R)Pharmaron-2nd Batch,CSNK2A2,CSNK2A2,89,1000
MEL-0495(R)Pharmaron-2nd Batch,CTK,MATK,40,1000
MEL-0495(R)Pharmaron-2nd Batch,DAPK1,DAPK1,79,1000
MEL-0495(R)Pharmaron-2nd Batch,DAPK2,DAPK2,44,1000
MEL-0495(R)Pharmaron-2nd Batch,DAPK3,DAPK3,68,1000
MEL-0495(R)Pharmaron-2nd Batch,DCAMKL1,DCLK1,26,1000
MEL-0495(R)Pharmaron-2nd Batch,DCAMKL2,DCLK2,47,1000
MEL-0495(R)Pharmaron-2nd Batch,DCAMKL3,DCLK3,99.4,1000
MEL-0495(R)Pharmaron-2nd Batch,DDR1,DDR1,1,1000
MEL-0495(R)Pharmaron-2nd Batch,DDR2,DDR2,10,1000
MEL-0495(R)Pharmaron-2nd Batch,DLK,MAP3K12,15,1000
MEL-0495(R)Pharmaron-2nd Batch,DMPK,DMPK,14,1000
MEL-0495(R)Pharmaron-2nd Batch,DMPK2,CDC42BPG,14,1000
MEL-0495(R)Pharmaron-2nd Batch,DRAK1,STK17A,97.4,1000
MEL-0495(R)Pharmaron-2nd Batch,DRAK2,STK17B,96.9,1000
MEL-0495(R)Pharmaron-2nd Batch,DYRK1A,DYRK1A,40,1000
MEL-0495(R)Pharmaron-2nd Batch,DYRK1B,DYRK1B,54,1000
MEL-0495(R)Pharmaron-2nd Batch,DYRK2,DYRK2,47,1000
MEL-0495(R)Pharmaron-2nd Batch,EGFR,EGFR,26,1000
MEL-0495(R)Pharmaron-2nd Batch,EGFR(E746-A750del),EGFR,33,1000
MEL-0495(R)Pharmaron-2nd Batch,EGFR(G719C),EGFR,0,1000
MEL-0495(R)Pharmaron-2nd Batch,EGFR(G719S),EGFR,19,1000
MEL-0495(R)Pharmaron-2nd Batch,"EGFR(L747-E749del, A750P)",EGFR,47,1000
MEL-0495(R)Pharmaron-2nd Batch,"EGFR(L747-S752del, P753S)",EGFR,27,1000
MEL-0495(R)Pharmaron-2nd Batch,"EGFR(L747-T751del,Sins)",EGFR,19,1000
MEL-0495(R)Pharmaron-2nd Batch,EGFR(L858R),EGFR,45,1000
MEL-0495(R)Pharmaron-2nd Batch,"EGFR(L858R,T790M)",EGFR,72,1000
MEL-0495(R)Pharmaron-2nd Batch,EGFR(L861Q),EGFR,30,1000
MEL-0495(R)Pharmaron-2nd Batch,EGFR(S752-I759del),EGFR,15,1000
MEL-0495(R)Pharmaron-2nd Batch,EGFR(T790M),EGFR,0,1000
MEL-0495(R)Pharmaron-2nd Batch,EIF2AK1,EIF2AK1,23,1000
MEL-0495(R)Pharmaron-2nd Batch,EPHA1,EPHA1,48,1000
MEL-0495(R)Pharmaron-2nd Batch,EPHA2,EPHA2,19,1000
MEL-0495(R)Pharmaron-2nd Batch,EPHA3,EPHA3,46,1000
MEL-0495(R)Pharmaron-2nd Batch,EPHA4,EPHA4,27,1000
MEL-0495(R)Pharmaron-2nd Batch,EPHA5,EPHA5,24,1000
MEL-0495(R)Pharmaron-2nd Batch,EPHA6,EPHA6,20,1000
MEL-0495(R)Pharmaron-2nd Batch,EPHA7,EPHA7,11,1000
MEL-0495(R)Pharmaron-2nd Batch,EPHA8,EPHA8,21,1000
MEL-0495(R)Pharmaron-2nd Batch,EPHB1,EPHB1,4,1000
MEL-0495(R)Pharmaron-2nd Batch,EPHB2,EPHB2,23,1000
MEL-0495(R)Pharmaron-2nd Batch,EPHB3,EPHB3,31,1000
MEL-0495(R)Pharmaron-2nd Batch,EPHB4,EPHB4,19,1000
MEL-0495(R)Pharmaron-2nd Batch,EPHB6,EPHB6,51,1000
MEL-0495(R)Pharmaron-2nd Batch,ERBB2,ERBB2,46,1000
MEL-0495(R)Pharmaron-2nd Batch,ERBB3,ERBB3,9,1000
MEL-0495(R)Pharmaron-2nd Batch,ERBB4,ERBB4,33,1000
MEL-0495(R)Pharmaron-2nd Batch,ERK1,MAPK3,15,1000
MEL-0495(R)Pharmaron-2nd Batch,ERK2,MAPK1,15,1000
MEL-0495(R)Pharmaron-2nd Batch,ERK3,MAPK6,9,1000
MEL-0495(R)Pharmaron-2nd Batch,ERK4,MAPK4,9,1000
MEL-0495(R)Pharmaron-2nd Batch,ERK5,MAPK7,29,1000
MEL-0495(R)Pharmaron-2nd Batch,ERK8,MAPK15,96.4,1000
MEL-0495(R)Pharmaron-2nd Batch,ERN 1.00,ERN 1.00,7,1000
MEL-0495(R)Pharmaron-2nd Batch,FAK,PTK2,16,1000
MEL-0495(R)Pharmaron-2nd Batch,FER,FER,15,1000
MEL-0495(R)Pharmaron-2nd Batch,FES,FES,6,1000
MEL-0495(R)Pharmaron-2nd Batch,FGFR1,FGFR1,11,1000
MEL-0495(R)Pharmaron-2nd Batch,FGFR2,FGFR2,19,1000
MEL-0495(R)Pharmaron-2nd Batch,FGFR3,FGFR3,32,1000
MEL-0495(R)Pharmaron-2nd Batch,FGFR3(G697C),FGFR3,38,1000
MEL-0495(R)Pharmaron-2nd Batch,FGFR4,FGFR4,27,1000
MEL-0495(R)Pharmaron-2nd Batch,FGR,FGR,47,1000
MEL-0495(R)Pharmaron-2nd Batch,FLT1,FLT1,8,1000
MEL-0495(R)Pharmaron-2nd Batch,FLT3,FLT3,18,1000
MEL-0495(R)Pharmaron-2nd Batch,FLT3(D835H),FLT3,33,1000
MEL-0495(R)Pharmaron-2nd Batch,FLT3(D835V),FLT3,75,1000
MEL-0495(R)Pharmaron-2nd Batch,FLT3(D835Y),FLT3,59,1000
MEL-0495(R)Pharmaron-2nd Batch,FLT3(ITD),FLT3,61,1000
MEL-0495(R)Pharmaron-2nd Batch,"FLT3(ITD,D835V)",FLT3,90,1000
MEL-0495(R)Pharmaron-2nd Batch,"FLT3(ITD,F691L)",FLT3,94.7,1000
MEL-0495(R)Pharmaron-2nd Batch,FLT3(K663Q),FLT3,21,1000
MEL-0495(R)Pharmaron-2nd Batch,FLT3(N841I),FLT3,29,1000
MEL-0495(R)Pharmaron-2nd Batch,FLT3(R834Q),FLT3,39,1000
MEL-0495(R)Pharmaron-2nd Batch,FLT3-autoinhibited,FLT3,6,1000
MEL-0495(R)Pharmaron-2nd Batch,FLT4,FLT4,14,1000
MEL-0495(R)Pharmaron-2nd Batch,FRK,FRK,18,1000
MEL-0495(R)Pharmaron-2nd Batch,FYN,FYN,38,1000
MEL-0495(R)Pharmaron-2nd Batch,GAK,GAK,54,1000
MEL-0495(R)Pharmaron-2nd Batch,"GCN2(Kin.Dom.2,S808G)",EIF2AK4,7,1000
MEL-0495(R)Pharmaron-2nd Batch,GRK1,GRK1,15,1000
MEL-0495(R)Pharmaron-2nd Batch,GRK2,ADRBK1,0,1000
MEL-0495(R)Pharmaron-2nd Batch,GRK3,ADRBK2,22,1000
MEL-0495(R)Pharmaron-2nd Batch,GRK4,GRK4,14,1000
MEL-0495(R)Pharmaron-2nd Batch,GRK7,GRK7,15,1000
MEL-0495(R)Pharmaron-2nd Batch,GSK3A,GSK3A,97,1000
MEL-0495(R)Pharmaron-2nd Batch,GSK3B,GSK3B,92.7,1000
MEL-0495(R)Pharmaron-2nd Batch,HASPIN,GSG2,90.2,1000
MEL-0495(R)Pharmaron-2nd Batch,HCK,HCK,30,1000
MEL-0495(R)Pharmaron-2nd Batch,HIPK1,HIPK1,75,1000
MEL-0495(R)Pharmaron-2nd Batch,HIPK2,HIPK2,50,1000
MEL-0495(R)Pharmaron-2nd Batch,HIPK3,HIPK3,46,1000
MEL-0495(R)Pharmaron-2nd Batch,HIPK4,HIPK4,42,1000
MEL-0495(R)Pharmaron-2nd Batch,HPK1,MAP4K1,9,1000
MEL-0495(R)Pharmaron-2nd Batch,HUNK,HUNK,7,1000
MEL-0495(R)Pharmaron-2nd Batch,ICK,ICK,80,1000
MEL-0495(R)Pharmaron-2nd Batch,IGF1R,IGF1R,12,1000
MEL-0495(R)Pharmaron-2nd Batch,IKK-alpha,CHUK,64,1000
MEL-0495(R)Pharmaron-2nd Batch,IKK-beta,IKBKB,54,1000
MEL-0495(R)Pharmaron-2nd Batch,IKK-epsilon,IKBKE,34,1000
MEL-0495(R)Pharmaron-2nd Batch,INSR,INSR,42,1000
MEL-0495(R)Pharmaron-2nd Batch,INSRR,INSRR,20,1000
MEL-0495(R)Pharmaron-2nd Batch,IRAK1,IRAK1,76,1000
MEL-0495(R)Pharmaron-2nd Batch,IRAK3,IRAK3,62,1000
MEL-0495(R)Pharmaron-2nd Batch,IRAK4,IRAK4,42,1000
MEL-0495(R)Pharmaron-2nd Batch,ITK,ITK,15,1000
MEL-0495(R)Pharmaron-2nd Batch,JAK1(JH1domain-catalytic),JAK1,58,1000
MEL-0495(R)Pharmaron-2nd Batch,JAK1(JH2domain-pseudokinase),JAK1,34,1000
MEL-0495(R)Pharmaron-2nd Batch,JAK2(JH1domain-catalytic),JAK2,80,1000
MEL-0495(R)Pharmaron-2nd Batch,JAK3(JH1domain-catalytic),JAK3,75,1000
MEL-0495(R)Pharmaron-2nd Batch,JNK1,MAPK8,92.2,1000
MEL-0495(R)Pharmaron-2nd Batch,JNK2,MAPK9,45,1000
MEL-0495(R)Pharmaron-2nd Batch,JNK3,MAPK10,87,1000
MEL-0495(R)Pharmaron-2nd Batch,KIT,KIT,39,1000
MEL-0495(R)Pharmaron-2nd Batch,KIT(A829P),KIT,39,1000
MEL-0495(R)Pharmaron-2nd Batch,KIT(D816H),KIT,42,1000
MEL-0495(R)Pharmaron-2nd Batch,KIT(D816V),KIT,48,1000
MEL-0495(R)Pharmaron-2nd Batch,KIT(L576P),KIT,72,1000
MEL-0495(R)Pharmaron-2nd Batch,KIT(V559D),KIT,41,1000
MEL-0495(R)Pharmaron-2nd Batch,"KIT(V559D,T670I)",KIT,37,1000
MEL-0495(R)Pharmaron-2nd Batch,"KIT(V559D,V654A)",KIT,8,1000
MEL-0495(R)Pharmaron-2nd Batch,KIT-autoinhibited,KIT,56,1000
MEL-0495(R)Pharmaron-2nd Batch,LATS1,LATS1,35,1000
MEL-0495(R)Pharmaron-2nd Batch,LATS2,LATS2,31,1000
MEL-0495(R)Pharmaron-2nd Batch,LCK,LCK,57,1000
MEL-0495(R)Pharmaron-2nd Batch,LIMK1,LIMK1,1,1000
MEL-0495(R)Pharmaron-2nd Batch,LIMK2,LIMK2,14,1000
MEL-0495(R)Pharmaron-2nd Batch,LKB1,STK11,22,1000
MEL-0495(R)Pharmaron-2nd Batch,LOK,STK10,70,1000
MEL-0495(R)Pharmaron-2nd Batch,LRRK2,LRRK2,2,1000
MEL-0495(R)Pharmaron-2nd Batch,LRRK2(G2019S),LRRK2,27,1000
MEL-0495(R)Pharmaron-2nd Batch,LTK,LTK,18,1000
MEL-0495(R)Pharmaron-2nd Batch,LYN,LYN,22,1000
MEL-0495(R)Pharmaron-2nd Batch,LZK,MAP3K13,5,1000
MEL-0495(R)Pharmaron-2nd Batch,MAK,MAK,43,1000
MEL-0495(R)Pharmaron-2nd Batch,MAP3K1,MAP3K1,0,1000
MEL-0495(R)Pharmaron-2nd Batch,MAP3K15,MAP3K15,7,1000
MEL-0495(R)Pharmaron-2nd Batch,MAP3K2,MAP3K2,33,1000
MEL-0495(R)Pharmaron-2nd Batch,MAP3K3,MAP3K3,21,1000
MEL-0495(R)Pharmaron-2nd Batch,MAP3K4,MAP3K4,35,1000
MEL-0495(R)Pharmaron-2nd Batch,MAP4K2,MAP4K2,63,1000
MEL-0495(R)Pharmaron-2nd Batch,MAP4K3,MAP4K3,12,1000
MEL-0495(R)Pharmaron-2nd Batch,MAP4K4,MAP4K4,33,1000
MEL-0495(R)Pharmaron-2nd Batch,MAP4K5,MAP4K5,18,1000
MEL-0495(R)Pharmaron-2nd Batch,MAPKAPK2,MAPKAPK2,0,1000
MEL-0495(R)Pharmaron-2nd Batch,MAPKAPK5,MAPKAPK5,0,1000
MEL-0495(R)Pharmaron-2nd Batch,MARK1,MARK1,30,1000
MEL-0495(R)Pharmaron-2nd Batch,MARK2,MARK2,48,1000
MEL-0495(R)Pharmaron-2nd Batch,MARK3,MARK3,33,1000
MEL-0495(R)Pharmaron-2nd Batch,MARK4,MARK4,30,1000
MEL-0495(R)Pharmaron-2nd Batch,MAST1,MAST1,33,1000
MEL-0495(R)Pharmaron-2nd Batch,MEK1,MAP2K1,0,1000
MEL-0495(R)Pharmaron-2nd Batch,MEK2,MAP2K2,13,1000
MEL-0495(R)Pharmaron-2nd Batch,MEK3,MAP2K3,67,1000
MEL-0495(R)Pharmaron-2nd Batch,MEK4,MAP2K4,12,1000
MEL-0495(R)Pharmaron-2nd Batch,MEK5,MAP2K5,60,1000
MEL-0495(R)Pharmaron-2nd Batch,MEK6,MAP2K6,79,1000
MEL-0495(R)Pharmaron-2nd Batch,MELK,MELK,20,1000
MEL-0495(R)Pharmaron-2nd Batch,MERTK,MERTK,12,1000
MEL-0495(R)Pharmaron-2nd Batch,MET,MET,4,1000
MEL-0495(R)Pharmaron-2nd Batch,MET(M1250T),MET,34,1000
MEL-0495(R)Pharmaron-2nd Batch,MET(Y1235D),MET,21,1000
MEL-0495(R)Pharmaron-2nd Batch,MINK,MINK1,36,1000
MEL-0495(R)Pharmaron-2nd Batch,MKK7,MAP2K7,4,1000
MEL-0495(R)Pharmaron-2nd Batch,MKNK1,MKNK1,12,1000
MEL-0495(R)Pharmaron-2nd Batch,MKNK2,MKNK2,35,1000
MEL-0495(R)Pharmaron-2nd Batch,MLCK,MYLK3,57,1000
MEL-0495(R)Pharmaron-2nd Batch,MLK1,MAP3K9,23,1000
MEL-0495(R)Pharmaron-2nd Batch,MLK2,MAP3K10,38,1000
MEL-0495(R)Pharmaron-2nd Batch,MLK3,MAP3K11,29,1000
MEL-0495(R)Pharmaron-2nd Batch,MRCKA,CDC42BPA,20,1000
MEL-0495(R)Pharmaron-2nd Batch,MRCKB,CDC42BPB,11,1000
MEL-0495(R)Pharmaron-2nd Batch,MST1,STK4,4,1000
MEL-0495(R)Pharmaron-2nd Batch,MST1R,MST1R,26,1000
MEL-0495(R)Pharmaron-2nd Batch,MST2,STK3,45,1000
MEL-0495(R)Pharmaron-2nd Batch,MST3,STK24,42,1000
MEL-0495(R)Pharmaron-2nd Batch,MST4,MST4,25,1000
MEL-0495(R)Pharmaron-2nd Batch,MTOR,MTOR,36,1000
MEL-0495(R)Pharmaron-2nd Batch,MUSK,MUSK,34,1000
MEL-0495(R)Pharmaron-2nd Batch,MYLK,MYLK,34,1000
MEL-0495(R)Pharmaron-2nd Batch,MYLK2,MYLK2,40,1000
MEL-0495(R)Pharmaron-2nd Batch,MYLK4,MYLK4,63,1000
MEL-0495(R)Pharmaron-2nd Batch,MYO3A,MYO3A,15,1000
MEL-0495(R)Pharmaron-2nd Batch,MYO3B,MYO3B,5,1000
MEL-0495(R)Pharmaron-2nd Batch,NDR1,STK38,26,1000
MEL-0495(R)Pharmaron-2nd Batch,NDR2,STK38L,23,1000
MEL-0495(R)Pharmaron-2nd Batch,NEK1,NEK1,81,1000
MEL-0495(R)Pharmaron-2nd Batch,NEK10,NEK10,45,1000
MEL-0495(R)Pharmaron-2nd Batch,NEK11,NEK11,0,1000
MEL-0495(R)Pharmaron-2nd Batch,NEK2,NEK2,28,1000
MEL-0495(R)Pharmaron-2nd Batch,NEK3,NEK3,10,1000
MEL-0495(R)Pharmaron-2nd Batch,NEK4,NEK4,0,1000
MEL-0495(R)Pharmaron-2nd Batch,NEK5,NEK5,20,1000
MEL-0495(R)Pharmaron-2nd Batch,NEK6,NEK6,28,1000
MEL-0495(R)Pharmaron-2nd Batch,NEK7,NEK7,3,1000
MEL-0495(R)Pharmaron-2nd Batch,NEK9,NEK9,19,1000
MEL-0495(R)Pharmaron-2nd Batch,NIK,MAP3K14,47,1000
MEL-0495(R)Pharmaron-2nd Batch,NIM1,MGC42105,0,1000
MEL-0495(R)Pharmaron-2nd Batch,NLK,NLK,36,1000
MEL-0495(R)Pharmaron-2nd Batch,OSR1,OXSR1,22,1000
MEL-0495(R)Pharmaron-2nd Batch,p38-alpha,MAPK14,31,1000
MEL-0495(R)Pharmaron-2nd Batch,p38-beta,MAPK11,29,1000
MEL-0495(R)Pharmaron-2nd Batch,p38-delta,MAPK13,28,1000
MEL-0495(R)Pharmaron-2nd Batch,p38-gamma,MAPK12,34,1000
MEL-0495(R)Pharmaron-2nd Batch,PAK1,PAK1,77,1000
MEL-0495(R)Pharmaron-2nd Batch,PAK2,PAK2,71,1000
MEL-0495(R)Pharmaron-2nd Batch,PAK3,PAK3,41,1000
MEL-0495(R)Pharmaron-2nd Batch,PAK4,PAK4,37,1000
MEL-0495(R)Pharmaron-2nd Batch,PAK6,PAK6,21,1000
MEL-0495(R)Pharmaron-2nd Batch,PAK7,PAK7,47,1000
MEL-0495(R)Pharmaron-2nd Batch,PCTK1,CDK16,5,1000
MEL-0495(R)Pharmaron-2nd Batch,PCTK2,CDK17,24,1000
MEL-0495(R)Pharmaron-2nd Batch,PCTK3,CDK18,25,1000
MEL-0495(R)Pharmaron-2nd Batch,PDGFRA,PDGFRA,25,1000
MEL-0495(R)Pharmaron-2nd Batch,PDGFRB,PDGFRB,56,1000
MEL-0495(R)Pharmaron-2nd Batch,PDPK1,PDPK1,35,1000
MEL-0495(R)Pharmaron-2nd Batch,PFCDPK1(P.falciparum),CDPK1,94.9,1000
MEL-0495(R)Pharmaron-2nd Batch,PFPK5(P.falciparum),MAL13P1.279,45,1000
MEL-0495(R)Pharmaron-2nd Batch,PFTAIRE2,CDK15,37,1000
MEL-0495(R)Pharmaron-2nd Batch,PFTK1,CDK14,51,1000
MEL-0495(R)Pharmaron-2nd Batch,PHKG1,PHKG1,88,1000
MEL-0495(R)Pharmaron-2nd Batch,PHKG2,PHKG2,43,1000
MEL-0495(R)Pharmaron-2nd Batch,PIK3C2B,PIK3C2B,42,1000
MEL-0495(R)Pharmaron-2nd Batch,PIK3C2G,PIK3C2G,54,1000
MEL-0495(R)Pharmaron-2nd Batch,PIK3CA,PIK3CA,0,1000
MEL-0495(R)Pharmaron-2nd Batch,PIK3CA(C420R),PIK3CA,4,1000
MEL-0495(R)Pharmaron-2nd Batch,PIK3CA(E542K),PIK3CA,11,1000
MEL-0495(R)Pharmaron-2nd Batch,PIK3CA(E545A),PIK3CA,22,1000
MEL-0495(R)Pharmaron-2nd Batch,PIK3CA(E545K),PIK3CA,39,1000
MEL-0495(R)Pharmaron-2nd Batch,PIK3CA(H1047L),PIK3CA,0,1000
MEL-0495(R)Pharmaron-2nd Batch,PIK3CA(H1047Y),PIK3CA,2,1000
MEL-0495(R)Pharmaron-2nd Batch,PIK3CA(I800L),PIK3CA,34,1000
MEL-0495(R)Pharmaron-2nd Batch,PIK3CA(M1043I),PIK3CA,46,1000
MEL-0495(R)Pharmaron-2nd Batch,PIK3CA(Q546K),PIK3CA,7,1000
MEL-0495(R)Pharmaron-2nd Batch,PIK3CB,PIK3CB,43,1000
MEL-0495(R)Pharmaron-2nd Batch,PIK3CD,PIK3CD,42,1000
MEL-0495(R)Pharmaron-2nd Batch,PIK3CG,PIK3CG,16,1000
MEL-0495(R)Pharmaron-2nd Batch,PIK4CB,PI4KB,6,1000
MEL-0495(R)Pharmaron-2nd Batch,PIKFYVE,PIKFYVE,20,1000
MEL-0495(R)Pharmaron-2nd Batch,PIM1,PIM1,78,1000
MEL-0495(R)Pharmaron-2nd Batch,PIM2,PIM2,94.2,1000
MEL-0495(R)Pharmaron-2nd Batch,PIM3,PIM3,82,1000
MEL-0495(R)Pharmaron-2nd Batch,PIP5K1A,PIP5K1A,70,1000
MEL-0495(R)Pharmaron-2nd Batch,PIP5K1C,PIP5K1C,83,1000
MEL-0495(R)Pharmaron-2nd Batch,PIP5K2B,PIP4K2B,12,1000
MEL-0495(R)Pharmaron-2nd Batch,PIP5K2C,PIP4K2C,70,1000
MEL-0495(R)Pharmaron-2nd Batch,PKAC-alpha,PRKACA,10,1000
MEL-0495(R)Pharmaron-2nd Batch,PKAC-beta,PRKACB,18,1000
MEL-0495(R)Pharmaron-2nd Batch,PKMYT1,PKMYT1,21,1000
MEL-0495(R)Pharmaron-2nd Batch,PKN1,PKN1,95.8,1000
MEL-0495(R)Pharmaron-2nd Batch,PKN2,PKN2,84,1000
MEL-0495(R)Pharmaron-2nd Batch,PKNB(M.tuberculosis),pknB,62,1000
MEL-0495(R)Pharmaron-2nd Batch,PLK1,PLK1,0,1000
MEL-0495(R)Pharmaron-2nd Batch,PLK2,PLK2,0,1000
MEL-0495(R)Pharmaron-2nd Batch,PLK3,PLK3,15,1000
MEL-0495(R)Pharmaron-2nd Batch,PLK4,PLK4,0,1000
MEL-0495(R)Pharmaron-2nd Batch,PRKCD,PRKCD,20,1000
MEL-0495(R)Pharmaron-2nd Batch,PRKCE,PRKCE,36,1000
MEL-0495(R)Pharmaron-2nd Batch,PRKCH,PRKCH,56,1000
MEL-0495(R)Pharmaron-2nd Batch,PRKCI,PRKCI,8,1000
MEL-0495(R)Pharmaron-2nd Batch,PRKCQ,PRKCQ,35,1000
MEL-0495(R)Pharmaron-2nd Batch,PRKD1,PRKD1,47,1000
MEL-0495(R)Pharmaron-2nd Batch,PRKD2,PRKD2,32,1000
MEL-0495(R)Pharmaron-2nd Batch,PRKD3,PRKD3,44,1000
MEL-0495(R)Pharmaron-2nd Batch,PRKG1,PRKG1,19,1000
MEL-0495(R)Pharmaron-2nd Batch,PRKG2,PRKG2,85,1000
MEL-0495(R)Pharmaron-2nd Batch,PRKR,EIF2AK2,84,1000
MEL-0495(R)Pharmaron-2nd Batch,PRKX,PRKX,50,1000
MEL-0495(R)Pharmaron-2nd Batch,PRP4,PRPF4B,34,1000
MEL-0495(R)Pharmaron-2nd Batch,PYK2,PTK2B,26,1000
MEL-0495(R)Pharmaron-2nd Batch,QSK,KIAA0999,42,1000
MEL-0495(R)Pharmaron-2nd Batch,RAF1,RAF1,23,1000
MEL-0495(R)Pharmaron-2nd Batch,RET,RET,20,1000
MEL-0495(R)Pharmaron-2nd Batch,RET(M918T),RET,14,1000
MEL-0495(R)Pharmaron-2nd Batch,RET(V804L),RET,20,1000
MEL-0495(R)Pharmaron-2nd Batch,RET(V804M),RET,27,1000
MEL-0495(R)Pharmaron-2nd Batch,RIOK1,RIOK1,31,1000
MEL-0495(R)Pharmaron-2nd Batch,RIOK2,RIOK2,44,1000
MEL-0495(R)Pharmaron-2nd Batch,RIOK3,RIOK3,40,1000
MEL-0495(R)Pharmaron-2nd Batch,RIPK1,RIPK1,26,1000
MEL-0495(R)Pharmaron-2nd Batch,RIPK2,RIPK2,25,1000
MEL-0495(R)Pharmaron-2nd Batch,RIPK4,RIPK4,22,1000
MEL-0495(R)Pharmaron-2nd Batch,RIPK5,DSTYK,0,1000
MEL-0495(R)Pharmaron-2nd Batch,ROCK1,ROCK1,24,1000
MEL-0495(R)Pharmaron-2nd Batch,ROCK2,ROCK2,5,1000
MEL-0495(R)Pharmaron-2nd Batch,ROS1,ROS1,51,1000
MEL-0495(R)Pharmaron-2nd Batch,RPS6KA4(Kin.Dom.1-N-terminal),RPS6KA4,28,1000
MEL-0495(R)Pharmaron-2nd Batch,RPS6KA4(Kin.Dom.2-C-terminal),RPS6KA4,0,1000
MEL-0495(R)Pharmaron-2nd Batch,RPS6KA5(Kin.Dom.1-N-terminal),RPS6KA5,31,1000
MEL-0495(R)Pharmaron-2nd Batch,RPS6KA5(Kin.Dom.2-C-terminal),RPS6KA5,14,1000
MEL-0495(R)Pharmaron-2nd Batch,RSK1(Kin.Dom.1-N-terminal),RPS6KA1,0,1000
MEL-0495(R)Pharmaron-2nd Batch,RSK1(Kin.Dom.2-C-terminal),RPS6KA1,56,1000
MEL-0495(R)Pharmaron-2nd Batch,RSK2(Kin.Dom.1-N-terminal),RPS6KA3,49,1000
MEL-0495(R)Pharmaron-2nd Batch,RSK2(Kin.Dom.2-C-terminal),RPS6KA3,25,1000
MEL-0495(R)Pharmaron-2nd Batch,RSK3(Kin.Dom.1-N-terminal),RPS6KA2,20,1000
MEL-0495(R)Pharmaron-2nd Batch,RSK3(Kin.Dom.2-C-terminal),RPS6KA2,40,1000
MEL-0495(R)Pharmaron-2nd Batch,RSK4(Kin.Dom.1-N-terminal),RPS6KA6,11,1000
MEL-0495(R)Pharmaron-2nd Batch,RSK4(Kin.Dom.2-C-terminal),RPS6KA6,50,1000
MEL-0495(R)Pharmaron-2nd Batch,S6K1,RPS6KB1,21,1000
MEL-0495(R)Pharmaron-2nd Batch,SBK1,SBK1,2,1000
MEL-0495(R)Pharmaron-2nd Batch,SGK,SGK1,17,1000
MEL-0495(R)Pharmaron-2nd Batch,SgK110,SgK110,0,1000
MEL-0495(R)Pharmaron-2nd Batch,SGK2,SGK2,28,1000
MEL-0495(R)Pharmaron-2nd Batch,SGK3,SGK3,17,1000
MEL-0495(R)Pharmaron-2nd Batch,SIK,SIK1,19,1000
MEL-0495(R)Pharmaron-2nd Batch,SIK2,SIK2,5,1000
MEL-0495(R)Pharmaron-2nd Batch,SLK,SLK,22,1000
MEL-0495(R)Pharmaron-2nd Batch,SNARK,NUAK2,17,1000
MEL-0495(R)Pharmaron-2nd Batch,SNRK,SNRK,27,1000
MEL-0495(R)Pharmaron-2nd Batch,SRC,SRC,78,1000
MEL-0495(R)Pharmaron-2nd Batch,SRMS,SRMS,25,1000
MEL-0495(R)Pharmaron-2nd Batch,SRPK1,SRPK1,34,1000
MEL-0495(R)Pharmaron-2nd Batch,SRPK2,SRPK2,16,1000
MEL-0495(R)Pharmaron-2nd Batch,SRPK3,SRPK3,19,1000
MEL-0495(R)Pharmaron-2nd Batch,STK16,STK16,32,1000
MEL-0495(R)Pharmaron-2nd Batch,STK33,STK33,1,1000
MEL-0495(R)Pharmaron-2nd Batch,STK35,STK35,13,1000
MEL-0495(R)Pharmaron-2nd Batch,STK36,STK36,30,1000
MEL-0495(R)Pharmaron-2nd Batch,STK39,STK39,60,1000
MEL-0495(R)Pharmaron-2nd Batch,SYK,SYK,47,1000
MEL-0495(R)Pharmaron-2nd Batch,TAK1,MAP3K7,99.9,1000
MEL-0495(R)Pharmaron-2nd Batch,TAOK1,TAOK1,98.6,1000
MEL-0495(R)Pharmaron-2nd Batch,TAOK2,TAOK2,87,1000
MEL-0495(R)Pharmaron-2nd Batch,TAOK3,TAOK3,89,1000
MEL-0495(R)Pharmaron-2nd Batch,TBK1,TBK1,28,1000
MEL-0495(R)Pharmaron-2nd Batch,TEC,TEC,8,1000
MEL-0495(R)Pharmaron-2nd Batch,TESK1,TESK1,42,1000
MEL-0495(R)Pharmaron-2nd Batch,TGFBR1,TGFBR1,44,1000
MEL-0495(R)Pharmaron-2nd Batch,TGFBR2,TGFBR2,60,1000
MEL-0495(R)Pharmaron-2nd Batch,TIE1,TIE1,20,1000
MEL-0495(R)Pharmaron-2nd Batch,TIE2,TEK,14,1000
MEL-0495(R)Pharmaron-2nd Batch,TLK1,TLK1,78,1000
MEL-0495(R)Pharmaron-2nd Batch,TLK2,TLK2,93,1000
MEL-0495(R)Pharmaron-2nd Batch,TNIK,TNIK,39,1000
MEL-0495(R)Pharmaron-2nd Batch,TNK1,TNK1,34,1000
MEL-0495(R)Pharmaron-2nd Batch,TNK2,TNK2,6,1000
MEL-0495(R)Pharmaron-2nd Batch,TNNI3K,TNNI3K,34,1000
MEL-0495(R)Pharmaron-2nd Batch,TRKA,NTRK1,18,1000
MEL-0495(R)Pharmaron-2nd Batch,TRKB,NTRK2,0,1000
MEL-0495(R)Pharmaron-2nd Batch,TRKC,NTRK3,7,1000
MEL-0495(R)Pharmaron-2nd Batch,TRPM6,TRPM6,16,1000
MEL-0495(R)Pharmaron-2nd Batch,TSSK1B,TSSK1B,7,1000
MEL-0495(R)Pharmaron-2nd Batch,TSSK3,TSSK3,20,1000
MEL-0495(R)Pharmaron-2nd Batch,TTK,TTK,56,1000
MEL-0495(R)Pharmaron-2nd Batch,TXK,TXK,39,1000
MEL-0495(R)Pharmaron-2nd Batch,TYK2(JH1domain-catalytic),TYK2,98.4,1000
MEL-0495(R)Pharmaron-2nd Batch,TYK2(JH2domain-pseudokinase),TYK2,67,1000
MEL-0495(R)Pharmaron-2nd Batch,TYRO3,TYRO3,20,1000
MEL-0495(R)Pharmaron-2nd Batch,ULK1,ULK1,17,1000
MEL-0495(R)Pharmaron-2nd Batch,ULK2,ULK2,41,1000
MEL-0495(R)Pharmaron-2nd Batch,ULK3,ULK3,0,1000
MEL-0495(R)Pharmaron-2nd Batch,VEGFR2,KDR,11,1000
MEL-0495(R)Pharmaron-2nd Batch,VPS34,PIK3C3,7,1000
MEL-0495(R)Pharmaron-2nd Batch,VRK2,VRK2,77,1000
MEL-0495(R)Pharmaron-2nd Batch,WEE1,WEE1,19,1000
MEL-0495(R)Pharmaron-2nd Batch,WEE2,WEE2,11,1000
MEL-0495(R)Pharmaron-2nd Batch,WNK1,WNK1,0,1000
MEL-0495(R)Pharmaron-2nd Batch,WNK2,WNK2,0,1000
MEL-0495(R)Pharmaron-2nd Batch,WNK3,WNK3,8,1000
MEL-0495(R)Pharmaron-2nd Batch,WNK4,WNK4,22,1000
MEL-0495(R)Pharmaron-2nd Batch,YANK1,STK32A,23,1000
MEL-0495(R)Pharmaron-2nd Batch,YANK2,STK32B,1,1000
MEL-0495(R)Pharmaron-2nd Batch,YANK3,STK32C,39,1000
MEL-0495(R)Pharmaron-2nd Batch,YES,YES1,26,1000
MEL-0495(R)Pharmaron-2nd Batch,YSK1,STK25,91.3,1000
MEL-0495(R)Pharmaron-2nd Batch,YSK4,MAP3K19,6,1000
MEL-0495(R)Pharmaron-2nd Batch,ZAK,ZAK,31,1000
MEL-0495(R)Pharmaron-2nd Batch,ZAP70,ZAP70,12,1000